showRange,movieNm,rank,movieCd,openDt,audiAcc,poster_url,genres,head,description
20191111~20191117,블랙머니,1,20195002,2019-11-13,1050331,https://ssl.pstatic.net/imgmovie/mdi/mit110/1890/189053_P108_105429.jpg,"범죄,드라마","고발은 의무! 수사는 직진!
할말은 하고 깔 건 깐다!","일명 서울지검 ‘막프로’! 검찰 내에서 거침없이 막 나가는 문제적 검사로  이름을 날리는 ‘양민혁’은 자신이 조사를 담당한 피의자가 자살하는 사건으로 인해  하루 아침에 벼랑 끝에 내몰린다. 억울한 누명을 벗기 위해 내막을 파헤치던 그는  피의자가 대한은행 헐값 매각사건의 중요 증인이었음을 알게 된다.   근거는 의문의 팩스 5장! 자산가치 70조 은행이 1조 7천억원에 넘어간  희대의 사건 앞에서 ‘양민혁’ 검사는 금융감독원, 대형 로펌, 해외펀드 회사가 뒤얽힌  거대한 금융 비리의 실체와 마주하게 되는데…   대한민국 최대의 금융스캔들, 사건은 아직 끝나지 않았다!"
20191111~20191117,신의 한 수: 귀수편,2,20181434,2019-11-07,1838583,https://ssl.pstatic.net/imgmovie/mdi/mit110/1791/179159_P50_104524.jpg,"범죄,액션","“세상은 둘 중 하나야
놀이터가 되던가, 생지옥이 되던가”",바둑으로 모든 것을 잃은 아이 ‘귀수’ 유일하게 기대던 스승 허일도마저 잃고 홀로 살아남아 세상을 향한 복수를 계획한다. 운명의 선택은 神의 놀음판에 있다! 자신을 사지로 내몬 냉혹한 내기바둑판으로 뛰어든 귀수(권상우)는 전국을 돌아다니며 귀신 같이 바둑을 두는 자들과 대결을 펼치는데…  사활을 건 대결! 신의 한 수를 다시 두시겠습니까?
20191111~20191117,82년생 김지영,3,20191029,2019-10-23,3491860,https://ssl.pstatic.net/imgmovie/mdi/mit110/1794/179482_P26_155441.jpg,드라마,,"1982년 봄에 태어나 누군가의 딸이자 아내, 동료이자 엄마로 2019년 오늘을 살아가는 ‘지영’(정유미). 때론 어딘가 갇힌 듯 답답하기도 하지만 남편 ‘대현’(공유)과 사랑스러운 딸, 그리고 자주 만나지 못해도 항상 든든한 가족들이 ‘지영’에겐 큰 힘이다.  하지만 언젠가부터 마치 다른 사람이 된 것처럼 말하는 ‘지영’. ‘대현’은 아내가 상처 입을까 두려워 그 사실을 털어놓지 못하고 ‘지영’은 이런 ‘대현’에게 언제나 “괜찮다”라며 웃어 보이기만 하는데…  모두가 알지만 아무도 몰랐던 당신과 나의 이야기"
20191111~20191117,터미네이터: 다크 페이트,4,20192083,2019-10-30,2310267,https://ssl.pstatic.net/imgmovie/mdi/mit110/1676/167605_P40_140111.jpg,"액션,어드벤처,SF","심판의 날 그 후, 모든 것이 다시 시작된다!","심판의 날 그 후, 뒤바뀐 미래  새로운 인류의 희망 ‘대니’(나탈리아 레이즈)를 지키기 위해 슈퍼 솔져 ‘그레이스’(맥켄지 데이비스)가 미래에서 찾아오고, ‘대니’를 제거하기 위한 터미네이터 ‘Rev-9’(가브리엘 루나)의 추격이 시작된다.   최첨단 기술력으로 무장한 최강의 적 터미네이터 ‘Rev-9’의 무차별적인 공격에 쫓기기 시작하던 ‘그레이스’와 ‘대니’ 앞에 터미네이터 헌터 ‘사라 코너’(린다 해밀턴)가 나타나 도움을 준다.   인류의 수호자이자 기계로 강화된 슈퍼 솔져 ‘그레이스’와 ‘사라 코너’는 ‘대니’를 지키기 위해  새로운 조력자를 찾아 나서고, 터미네이터 ‘Rev-9’은 그들의 뒤를 끈질기게 추격하는데...  더 이상 정해진 미래는 없다  지키려는 자 VS 제거하려는 자, 새로운 운명이 격돌한다!"
20191111~20191117,엔젤 해즈 폴른,5,20197721,2019-11-13,126377,https://ssl.pstatic.net/imgmovie/mdi/mit110/1638/163831_P26_144440.jpg,"액션,스릴러",이번에는 영웅이 무너진다!,"비밀 경호국 최고 요원 ‘배닝’(제라드 버틀러)의 임무수행 중
 '트럼불' 대통령(모건 프리먼)을 향한 의문의 사상 최대 규모의 드론 테러가 발생한다.
 최악의 드론 테러 사건 후 '배닝'은 대통령 암살사건의 테러범으로 지목되고
 국가 영웅은 한순간에 일급 수배자가 되어 FBI에게 쫓기게 되는데...
 
 표적이 된 그가 다시 움직인다!
 숨막히는 추격! 모두가 그를 쫓는다!"
20191111~20191117,아담스 패밀리,6,20197279,2019-11-07,319305,https://ssl.pstatic.net/imgmovie/mdi/mit110/1843/184357_P12_104437.jpg,"애니메이션,코미디,가족","평범함은 거절한다!
세상에서 가장 무섭고 사랑스러운 가족 어드벤처!","언제나 쿨한 괴짜 엄마 ‘모티시아’부터
 사고치는 아이들이 자랑스러운 아빠 ‘고메즈’,
 부모님이 모르는 많은 걸 가진 소녀 ‘웬즈데이’,
 폭발물 실험이 취미인 막내 ‘퍽슬리’까지!
 평범치 않은 ‘아담스 패밀리’가 평범한 동네에 나타났다.
 지금껏 본 적 없는 가족의 등장에 마을 사람들은
 ‘아담스 패밀리’를 괴물로 몰아가기 시작하는데…"
20191111~20191117,좀비랜드: 더블 탭,7,20198421,2019-11-13,104508,https://ssl.pstatic.net/imgmovie/mdi/mit110/0744/74407_P21_112828.jpg,"액션,코미디,공포(호러)",,"좀비로 세상이 망한지 10년,
 자신들만의 재능을 발휘하고 생존 규칙을 지키며
 여전히 꿋꿋하게 살아가고 있는 희한한 가족
 탤러해시, 콜럼버스, 위치타, 리틀록.
 
 하지만 ‘좀비랜드’에 더욱 진화한 좀비가 나타나고
 이들은 새로운 인간 생존자들과 함께 사투를 시작하는데…"
20191111~20191117,날씨의 아이,8,20190280,2019-10-30,612012,https://ssl.pstatic.net/imgmovie/mdi/mit110/1811/181114_P00_152033.jpg,"애니메이션,판타지,멜로/로맨스","“이제 비는 그치고, 우리의 세상이 빛나기 시작할 거야”","비가 그치지 않던 어느 여름날,
 가출 소년 ‘호다카’는 수상한 잡지사에 취직하게 되고
 비밀스러운 소녀 ‘히나’를 우연히 만난다.
 
 “지금부터 하늘이 맑아질 거야”
 
 그녀의 기도에 거짓말 같이 빗줄기는 멈추고,
 사람들의 얼굴에 환한 빛이 내려온다.
 
 “신기해, 날씨 하나에 사람들의 감정이 이렇게나 움직이다니”
 
 하지만, 맑음 뒤 흐림이 찾아오듯
 두 사람은 엄청난 세계의 비밀을 마주하게 되는데…
 
 흐리기만 했던 세상이 빛나기 시작했고, 그 끝에는 네가 있었다."
20191111~20191117,윤희에게,9,20196284,2019-11-14,34608,https://ssl.pstatic.net/imgmovie/mdi/mit110/1823/182387_P37_144748.jpg,멜로/로맨스,"다시 날 가슴 뛰게 만든 그 말
""윤희에게, 잘 지내니?""","평범한 일상을 살아가던 '윤희' 앞으로 도착한 한 통의 편지. 편지를 몰래 읽어본 딸 '새봄'은 편지의 내용을 숨긴 채 발신인이 살고 있는 곳으로 여행을 제안하고, '윤희'는 비밀스러웠던 첫사랑의 기억으로 가슴이 뛴다. '새봄'과 함께 여행을 떠난 ‘윤희’는 끝없이 눈이 내리는 그곳에서 첫사랑을 만날지도 모른다는 기대를 품는데…"
20191111~20191117,조커,10,20199950,2019-10-02,5239867,https://ssl.pstatic.net/imgmovie/mdi/mit110/1676/167613_P09_182225.jpg,"액션,드라마,스릴러","“내 인생이 비극인줄 알았는데, 코미디였어”","고담시의 광대 아서 플렉은 코미디언을 꿈꾸는 남자.
 하지만 모두가 미쳐가는 코미디 같은 세상에서
 맨 정신으로는 그가 설 자리가 없음을 깨닫게 되는데…
 이제껏 본 적 없는 진짜 ‘조커’를 만나라!"
20191104~20191110,신의 한 수: 귀수편,1,20181434,2019-11-07,1070972,https://ssl.pstatic.net/imgmovie/mdi/mit110/1791/179159_P50_104524.jpg,"범죄,액션","“세상은 둘 중 하나야
놀이터가 되던가, 생지옥이 되던가”",바둑으로 모든 것을 잃은 아이 ‘귀수’ 유일하게 기대던 스승 허일도마저 잃고 홀로 살아남아 세상을 향한 복수를 계획한다. 운명의 선택은 神의 놀음판에 있다! 자신을 사지로 내몬 냉혹한 내기바둑판으로 뛰어든 귀수(권상우)는 전국을 돌아다니며 귀신 같이 바둑을 두는 자들과 대결을 펼치는데…  사활을 건 대결! 신의 한 수를 다시 두시겠습니까?
20191104~20191110,터미네이터: 다크 페이트,2,20192083,2019-10-30,2060361,https://ssl.pstatic.net/imgmovie/mdi/mit110/1676/167605_P40_140111.jpg,"액션,어드벤처,SF","심판의 날 그 후, 모든 것이 다시 시작된다!","심판의 날 그 후, 뒤바뀐 미래  새로운 인류의 희망 ‘대니’(나탈리아 레이즈)를 지키기 위해 슈퍼 솔져 ‘그레이스’(맥켄지 데이비스)가 미래에서 찾아오고, ‘대니’를 제거하기 위한 터미네이터 ‘Rev-9’(가브리엘 루나)의 추격이 시작된다.   최첨단 기술력으로 무장한 최강의 적 터미네이터 ‘Rev-9’의 무차별적인 공격에 쫓기기 시작하던 ‘그레이스’와 ‘대니’ 앞에 터미네이터 헌터 ‘사라 코너’(린다 해밀턴)가 나타나 도움을 준다.   인류의 수호자이자 기계로 강화된 슈퍼 솔져 ‘그레이스’와 ‘사라 코너’는 ‘대니’를 지키기 위해  새로운 조력자를 찾아 나서고, 터미네이터 ‘Rev-9’은 그들의 뒤를 끈질기게 추격하는데...  더 이상 정해진 미래는 없다  지키려는 자 VS 제거하려는 자, 새로운 운명이 격돌한다!"
20191104~20191110,82년생 김지영,3,20191029,2019-10-23,3174028,https://ssl.pstatic.net/imgmovie/mdi/mit110/1794/179482_P26_155441.jpg,드라마,,"1982년 봄에 태어나 누군가의 딸이자 아내, 동료이자 엄마로 2019년 오늘을 살아가는 ‘지영’(정유미). 때론 어딘가 갇힌 듯 답답하기도 하지만 남편 ‘대현’(공유)과 사랑스러운 딸, 그리고 자주 만나지 못해도 항상 든든한 가족들이 ‘지영’에겐 큰 힘이다.  하지만 언젠가부터 마치 다른 사람이 된 것처럼 말하는 ‘지영’. ‘대현’은 아내가 상처 입을까 두려워 그 사실을 털어놓지 못하고 ‘지영’은 이런 ‘대현’에게 언제나 “괜찮다”라며 웃어 보이기만 하는데…  모두가 알지만 아무도 몰랐던 당신과 나의 이야기"
20191104~20191110,아담스 패밀리,4,20197279,2019-11-07,209769,https://ssl.pstatic.net/imgmovie/mdi/mit110/1843/184357_P12_104437.jpg,"애니메이션,코미디,가족","평범함은 거절한다!
세상에서 가장 무섭고 사랑스러운 가족 어드벤처!","언제나 쿨한 괴짜 엄마 ‘모티시아’부터
 사고치는 아이들이 자랑스러운 아빠 ‘고메즈’,
 부모님이 모르는 많은 걸 가진 소녀 ‘웬즈데이’,
 폭발물 실험이 취미인 막내 ‘퍽슬리’까지!
 평범치 않은 ‘아담스 패밀리’가 평범한 동네에 나타났다.
 지금껏 본 적 없는 가족의 등장에 마을 사람들은
 ‘아담스 패밀리’를 괴물로 몰아가기 시작하는데…"
20191104~20191110,날씨의 아이,5,20190280,2019-10-30,520369,https://ssl.pstatic.net/imgmovie/mdi/mit110/1811/181114_P00_152033.jpg,"애니메이션,판타지,멜로/로맨스","“이제 비는 그치고, 우리의 세상이 빛나기 시작할 거야”","비가 그치지 않던 어느 여름날,
 가출 소년 ‘호다카’는 수상한 잡지사에 취직하게 되고
 비밀스러운 소녀 ‘히나’를 우연히 만난다.
 
 “지금부터 하늘이 맑아질 거야”
 
 그녀의 기도에 거짓말 같이 빗줄기는 멈추고,
 사람들의 얼굴에 환한 빛이 내려온다.
 
 “신기해, 날씨 하나에 사람들의 감정이 이렇게나 움직이다니”
 
 하지만, 맑음 뒤 흐림이 찾아오듯
 두 사람은 엄청난 세계의 비밀을 마주하게 되는데…
 
 흐리기만 했던 세상이 빛나기 시작했고, 그 끝에는 네가 있었다."
20191104~20191110,말레피센트 2,6,20191589,2019-10-17,1432023,https://ssl.pstatic.net/imgmovie/mdi/mit110/1676/167635_P27_100146.jpg,"어드벤처,가족,판타지","동화는 끝났다!
두 세계의 운명을 건 가장 사악한 전쟁이 시작된다!","강력한 어둠의 지배자이자 무어스 숲의 수호자 ‘말레피센트’는 딸처럼 돌봐온 ‘오로라’와 ‘필립 왕자’의 결혼 약속으로 인간 세계의 ‘잉그리스 왕비’와 대립하게 된다.
 이에 요정과 인간의 오랜 연합이 깨지고 숨겨진 요정 종족 다크페이의 리더 ‘코널’까지 등장하면서 두 세계는 피할 수 없는 거대한 전쟁에 휘말리게 되는데….."
20191104~20191110,조커,7,20199950,2019-10-02,5223196,https://ssl.pstatic.net/imgmovie/mdi/mit110/1676/167613_P09_182225.jpg,"액션,드라마,스릴러","“내 인생이 비극인줄 알았는데, 코미디였어”","고담시의 광대 아서 플렉은 코미디언을 꿈꾸는 남자.
 하지만 모두가 미쳐가는 코미디 같은 세상에서
 맨 정신으로는 그가 설 자리가 없음을 깨닫게 되는데…
 이제껏 본 적 없는 진짜 ‘조커’를 만나라!"
20191104~20191110,닥터 슬립,8,20193801,2019-11-07,46343,https://ssl.pstatic.net/imgmovie/mdi/mit110/1859/185912_P01_113117.jpg,스릴러,"가장 어두운 악을 깨우는 가장 빛나는 능력
샤이닝을 먹어라 vs 그들을 막아라","어린시절 아버지가 남긴 트라우마에서 벗어나지 못한 대니는 자신이 가진 샤이닝 능력으로 죽음을 앞둔 이들을 돕는 닥터 슬립으로 불리며 살고 있다. 
 우연히 누구보다 강력한 샤이닝 능력을 지닌 12살 소녀 아브라 스톤을 만나게 되면서, 샤이닝 능력자들을 먹고 영원한 생명을 이어나가는 트루 낫이라는 비밀조직과 맞서게 되는데…"
20191104~20191110,가장 보통의 연애,9,20195920,2019-10-02,2918537,https://ssl.pstatic.net/imgmovie/mdi/mit110/1822/182205_P35_110342.jpg,"멜로/로맨스,코미디",,"전 여친에 상처받은 ‘재훈’(김래원).  여느 때처럼 숙취로 시작한 아침,  모르는 번호의 누군가와 밤새 2시간이나 통화한 기록을 발견하게 되고   그 상대가 바로! 통성명한 지 24시간도 채 되지 않은 직장 동료 ‘선영’임을 알게 된다.   남친과 뒤끝 있는 이별 중인 ‘선영’(공효진).  새로운 회사로 출근한 첫날, 할 말 못 할 말 쏟아내며 남친과 헤어지던 현장에서 하필이면! 같은 직장의 ‘재훈’을 마주친다.  만난 지 하루 만에 일보다 서로의 연애사를 더 잘 알게 된 두 사람.  하지만 미묘한 긴장과 어색함도 잠시  ‘한심하다’, ‘어이없다’ 부딪히면서도 마음이 쓰이는 건 왜 그럴까?"
20191104~20191110,블랙머니,10,20195002,2019-11-13,32690,https://ssl.pstatic.net/imgmovie/mdi/mit110/1890/189053_P108_105429.jpg,"범죄,드라마","고발은 의무! 수사는 직진!
할말은 하고 깔 건 깐다!","일명 서울지검 ‘막프로’! 검찰 내에서 거침없이 막 나가는 문제적 검사로  이름을 날리는 ‘양민혁’은 자신이 조사를 담당한 피의자가 자살하는 사건으로 인해  하루 아침에 벼랑 끝에 내몰린다. 억울한 누명을 벗기 위해 내막을 파헤치던 그는  피의자가 대한은행 헐값 매각사건의 중요 증인이었음을 알게 된다.   근거는 의문의 팩스 5장! 자산가치 70조 은행이 1조 7천억원에 넘어간  희대의 사건 앞에서 ‘양민혁’ 검사는 금융감독원, 대형 로펌, 해외펀드 회사가 뒤얽힌  거대한 금융 비리의 실체와 마주하게 되는데…   대한민국 최대의 금융스캔들, 사건은 아직 끝나지 않았다!"
20191028~20191103,82년생 김지영,1,20191029,2019-10-23,2498960,https://ssl.pstatic.net/imgmovie/mdi/mit110/1794/179482_P26_155441.jpg,드라마,,"1982년 봄에 태어나 누군가의 딸이자 아내, 동료이자 엄마로 2019년 오늘을 살아가는 ‘지영’(정유미). 때론 어딘가 갇힌 듯 답답하기도 하지만 남편 ‘대현’(공유)과 사랑스러운 딸, 그리고 자주 만나지 못해도 항상 든든한 가족들이 ‘지영’에겐 큰 힘이다.  하지만 언젠가부터 마치 다른 사람이 된 것처럼 말하는 ‘지영’. ‘대현’은 아내가 상처 입을까 두려워 그 사실을 털어놓지 못하고 ‘지영’은 이런 ‘대현’에게 언제나 “괜찮다”라며 웃어 보이기만 하는데…  모두가 알지만 아무도 몰랐던 당신과 나의 이야기"
20191028~20191103,터미네이터: 다크 페이트,2,20192083,2019-10-30,1366824,https://ssl.pstatic.net/imgmovie/mdi/mit110/1676/167605_P40_140111.jpg,"액션,어드벤처,SF","심판의 날 그 후, 모든 것이 다시 시작된다!","심판의 날 그 후, 뒤바뀐 미래  새로운 인류의 희망 ‘대니’(나탈리아 레이즈)를 지키기 위해 슈퍼 솔져 ‘그레이스’(맥켄지 데이비스)가 미래에서 찾아오고, ‘대니’를 제거하기 위한 터미네이터 ‘Rev-9’(가브리엘 루나)의 추격이 시작된다.   최첨단 기술력으로 무장한 최강의 적 터미네이터 ‘Rev-9’의 무차별적인 공격에 쫓기기 시작하던 ‘그레이스’와 ‘대니’ 앞에 터미네이터 헌터 ‘사라 코너’(린다 해밀턴)가 나타나 도움을 준다.   인류의 수호자이자 기계로 강화된 슈퍼 솔져 ‘그레이스’와 ‘사라 코너’는 ‘대니’를 지키기 위해  새로운 조력자를 찾아 나서고, 터미네이터 ‘Rev-9’은 그들의 뒤를 끈질기게 추격하는데...  더 이상 정해진 미래는 없다  지키려는 자 VS 제거하려는 자, 새로운 운명이 격돌한다!"
20191028~20191103,날씨의 아이,3,20190280,2019-10-30,337152,https://ssl.pstatic.net/imgmovie/mdi/mit110/1811/181114_P00_152033.jpg,"애니메이션,판타지,멜로/로맨스","“이제 비는 그치고, 우리의 세상이 빛나기 시작할 거야”","비가 그치지 않던 어느 여름날,
 가출 소년 ‘호다카’는 수상한 잡지사에 취직하게 되고
 비밀스러운 소녀 ‘히나’를 우연히 만난다.
 
 “지금부터 하늘이 맑아질 거야”
 
 그녀의 기도에 거짓말 같이 빗줄기는 멈추고,
 사람들의 얼굴에 환한 빛이 내려온다.
 
 “신기해, 날씨 하나에 사람들의 감정이 이렇게나 움직이다니”
 
 하지만, 맑음 뒤 흐림이 찾아오듯
 두 사람은 엄청난 세계의 비밀을 마주하게 되는데…
 
 흐리기만 했던 세상이 빛나기 시작했고, 그 끝에는 네가 있었다."
20191028~20191103,말레피센트 2,4,20191589,2019-10-17,1364888,https://ssl.pstatic.net/imgmovie/mdi/mit110/1676/167635_P27_100146.jpg,"어드벤처,가족,판타지","동화는 끝났다!
두 세계의 운명을 건 가장 사악한 전쟁이 시작된다!","강력한 어둠의 지배자이자 무어스 숲의 수호자 ‘말레피센트’는 딸처럼 돌봐온 ‘오로라’와 ‘필립 왕자’의 결혼 약속으로 인간 세계의 ‘잉그리스 왕비’와 대립하게 된다.
 이에 요정과 인간의 오랜 연합이 깨지고 숨겨진 요정 종족 다크페이의 리더 ‘코널’까지 등장하면서 두 세계는 피할 수 없는 거대한 전쟁에 휘말리게 되는데….."
20191028~20191103,조커,5,20199950,2019-10-02,5164444,https://ssl.pstatic.net/imgmovie/mdi/mit110/1676/167613_P09_182225.jpg,"액션,드라마,스릴러","“내 인생이 비극인줄 알았는데, 코미디였어”","고담시의 광대 아서 플렉은 코미디언을 꿈꾸는 남자.
 하지만 모두가 미쳐가는 코미디 같은 세상에서
 맨 정신으로는 그가 설 자리가 없음을 깨닫게 되는데…
 이제껏 본 적 없는 진짜 ‘조커’를 만나라!"
20191028~20191103,가장 보통의 연애,6,20195920,2019-10-02,2885661,https://ssl.pstatic.net/imgmovie/mdi/mit110/1822/182205_P35_110342.jpg,"멜로/로맨스,코미디",,"전 여친에 상처받은 ‘재훈’(김래원).  여느 때처럼 숙취로 시작한 아침,  모르는 번호의 누군가와 밤새 2시간이나 통화한 기록을 발견하게 되고   그 상대가 바로! 통성명한 지 24시간도 채 되지 않은 직장 동료 ‘선영’임을 알게 된다.   남친과 뒤끝 있는 이별 중인 ‘선영’(공효진).  새로운 회사로 출근한 첫날, 할 말 못 할 말 쏟아내며 남친과 헤어지던 현장에서 하필이면! 같은 직장의 ‘재훈’을 마주친다.  만난 지 하루 만에 일보다 서로의 연애사를 더 잘 알게 된 두 사람.  하지만 미묘한 긴장과 어색함도 잠시  ‘한심하다’, ‘어이없다’ 부딪히면서도 마음이 쓰이는 건 왜 그럴까?"
20191028~20191103,빅 위시,7,20192589,2019-10-30,28884,https://ssl.pstatic.net/imgmovie/mdi/mit110/1863/186367_P12_154028.jpg,"판타지,애니메이션,어드벤처","그리운 가족을 찾아 떠나는
내 생에 가장 환상적인 모험이 시작된다!","일년에 딱 한번,
 산 사람들이 그리운 사람을 만날 수 있는 ‘죽은자의 날’
 부모님을 찾고 싶은 ‘코코’도 제단을 만들지만
 왜인지 할머니는 ‘코코’가 부모님을 찾지 못하게 한다. 
 할머니를 이해할 수 없는 ‘코코’는 부모님을 찾기 위해
 금지 된 ‘비밀의 성’으로 모험을 떠나고,
 그 곳에서 부모님의 비밀을 알고 있는 사악한 교수 ‘몰레트’를 만나는데…
 놀랍고 신비로운 모험이 기다리고 있는 죽은자들의 세상!
 과연 ‘코코’는 그리운 부모님을 만날 수 있을까?"
20191028~20191103,람보 : 라스트 워,8,20196136,2019-10-23,92238,https://ssl.pstatic.net/imgmovie/mdi/mit110/1292/129282_P25_145511.jpg,액션,,"36년간 수많은 전쟁터의 중심에서 치열하게 싸운 '존 람보'
 지옥 같은 전쟁 트라우마에서 벗어나
 평화로운 시간을 보내는 것도 잠시,
 딸처럼 여겼던 옆집 소녀가 멕시코 카르텔에게 납치된다.
 
 뼛속 깊이 각인되어 있던 그의 본능이 다시 깨어난다!
 
 ‘람보’는 자신의 전투 본능과 살인 무기를 총동원해
 자비 없이 적들을 처단하기 시작하는데...
 
 살아있는 액션 마스터 '람보'의 귀환
 그의 마지막 전쟁이 시작된다!"
20191028~20191103,블랙머니,9,20195002,2019-11-13,13986,https://ssl.pstatic.net/imgmovie/mdi/mit110/1890/189053_P108_105429.jpg,"범죄,드라마","고발은 의무! 수사는 직진!
할말은 하고 깔 건 깐다!","일명 서울지검 ‘막프로’! 검찰 내에서 거침없이 막 나가는 문제적 검사로  이름을 날리는 ‘양민혁’은 자신이 조사를 담당한 피의자가 자살하는 사건으로 인해  하루 아침에 벼랑 끝에 내몰린다. 억울한 누명을 벗기 위해 내막을 파헤치던 그는  피의자가 대한은행 헐값 매각사건의 중요 증인이었음을 알게 된다.   근거는 의문의 팩스 5장! 자산가치 70조 은행이 1조 7천억원에 넘어간  희대의 사건 앞에서 ‘양민혁’ 검사는 금융감독원, 대형 로펌, 해외펀드 회사가 뒤얽힌  거대한 금융 비리의 실체와 마주하게 되는데…   대한민국 최대의 금융스캔들, 사건은 아직 끝나지 않았다!"
20191028~20191103,빅 2: 황금열쇠 대소동,10,20198184,2019-10-30,11152,,"애니메이션,가족,코미디,어드벤처",,
20191021~20191027,82년생 김지영,1,20191029,2019-10-23,1119908,https://ssl.pstatic.net/imgmovie/mdi/mit110/1794/179482_P26_155441.jpg,드라마,,"1982년 봄에 태어나 누군가의 딸이자 아내, 동료이자 엄마로 2019년 오늘을 살아가는 ‘지영’(정유미). 때론 어딘가 갇힌 듯 답답하기도 하지만 남편 ‘대현’(공유)과 사랑스러운 딸, 그리고 자주 만나지 못해도 항상 든든한 가족들이 ‘지영’에겐 큰 힘이다.  하지만 언젠가부터 마치 다른 사람이 된 것처럼 말하는 ‘지영’. ‘대현’은 아내가 상처 입을까 두려워 그 사실을 털어놓지 못하고 ‘지영’은 이런 ‘대현’에게 언제나 “괜찮다”라며 웃어 보이기만 하는데…  모두가 알지만 아무도 몰랐던 당신과 나의 이야기"
20191021~20191027,말레피센트 2,2,20191589,2019-10-17,1125565,https://ssl.pstatic.net/imgmovie/mdi/mit110/1676/167635_P27_100146.jpg,"어드벤처,가족,판타지","동화는 끝났다!
두 세계의 운명을 건 가장 사악한 전쟁이 시작된다!","강력한 어둠의 지배자이자 무어스 숲의 수호자 ‘말레피센트’는 딸처럼 돌봐온 ‘오로라’와 ‘필립 왕자’의 결혼 약속으로 인간 세계의 ‘잉그리스 왕비’와 대립하게 된다.
 이에 요정과 인간의 오랜 연합이 깨지고 숨겨진 요정 종족 다크페이의 리더 ‘코널’까지 등장하면서 두 세계는 피할 수 없는 거대한 전쟁에 휘말리게 되는데….."
20191021~20191027,조커,3,20199950,2019-10-02,4960154,https://ssl.pstatic.net/imgmovie/mdi/mit110/1676/167613_P09_182225.jpg,"액션,드라마,스릴러","“내 인생이 비극인줄 알았는데, 코미디였어”","고담시의 광대 아서 플렉은 코미디언을 꿈꾸는 남자.
 하지만 모두가 미쳐가는 코미디 같은 세상에서
 맨 정신으로는 그가 설 자리가 없음을 깨닫게 되는데…
 이제껏 본 적 없는 진짜 ‘조커’를 만나라!"
20191021~20191027,가장 보통의 연애,4,20195920,2019-10-02,2793362,https://ssl.pstatic.net/imgmovie/mdi/mit110/1822/182205_P35_110342.jpg,"멜로/로맨스,코미디",,"전 여친에 상처받은 ‘재훈’(김래원).  여느 때처럼 숙취로 시작한 아침,  모르는 번호의 누군가와 밤새 2시간이나 통화한 기록을 발견하게 되고   그 상대가 바로! 통성명한 지 24시간도 채 되지 않은 직장 동료 ‘선영’임을 알게 된다.   남친과 뒤끝 있는 이별 중인 ‘선영’(공효진).  새로운 회사로 출근한 첫날, 할 말 못 할 말 쏟아내며 남친과 헤어지던 현장에서 하필이면! 같은 직장의 ‘재훈’을 마주친다.  만난 지 하루 만에 일보다 서로의 연애사를 더 잘 알게 된 두 사람.  하지만 미묘한 긴장과 어색함도 잠시  ‘한심하다’, ‘어이없다’ 부딪히면서도 마음이 쓰이는 건 왜 그럴까?"
20191021~20191027,람보 : 라스트 워,5,20196136,2019-10-23,72265,https://ssl.pstatic.net/imgmovie/mdi/mit110/1292/129282_P25_145511.jpg,액션,,"36년간 수많은 전쟁터의 중심에서 치열하게 싸운 '존 람보'
 지옥 같은 전쟁 트라우마에서 벗어나
 평화로운 시간을 보내는 것도 잠시,
 딸처럼 여겼던 옆집 소녀가 멕시코 카르텔에게 납치된다.
 
 뼛속 깊이 각인되어 있던 그의 본능이 다시 깨어난다!
 
 ‘람보’는 자신의 전투 본능과 살인 무기를 총동원해
 자비 없이 적들을 처단하기 시작하는데...
 
 살아있는 액션 마스터 '람보'의 귀환
 그의 마지막 전쟁이 시작된다!"
20191021~20191027,퍼펙트맨,6,20184483,2019-10-02,1224921,,"코미디,드라마",,
20191021~20191027,두번할까요,7,20185361,2019-10-17,169448,,"코미디,멜로/로맨스",,
20191021~20191027,빅트립: 아기팬더 배달 대모험,8,20197054,2019-10-23,32728,https://ssl.pstatic.net/imgmovie/mdi/mit110/1891/189140_P16_134312.jpg,애니메이션,"이 세상 귀여움이 아니다!
판타스틱 야생 월드를 발칵 뒤집어 놓은 아기 팬더의 배송사고 발생!","혼자 조용히 지내는 게 가장 편한 까칠한 집돌이 곰 '믹믹' 앞에 어느 날, 엄마에게 배달되어야 할 귀염뽀짝 아기 팬더가 잘못 배송된다.
 사고를 해결하기 위해 호기심지수 200% 천방지축 트러블 메이커 '오스카'(토끼), 부리에 엔진을 장착한 투머치토커 '듀크'(펠리칸), 겁 많은 두 얼굴의 쫄보 '야누스'(늑대), 꽃을 사랑하는 외로운 감성시인 '아무르'(호랑이)까지 합류하면서 야생 월드 역사상 가장 확실한 서비스의 애니멀 특송단이 완성되고, 아기 팬더의 엄마를 찾아주기 위한 이들의 거대한 모험이 시작되는데…
 
 아기 팬더의 엄마를 찾기 위해 배달의 동물들이 떴다!"
20191021~20191027,더 킹: 헨리 5세,9,20198961,2019-10-23,10727,https://ssl.pstatic.net/imgmovie/mdi/mit110/1875/187526_P14_105850.jpg,드라마,,자유롭게 살아가던 왕자 할이 왕좌에 올라 전쟁으로 혼란에 빠진 영국의 운명을 짊어지며 위대한 왕으로 변모해가는 과정을 그린 영화
20191021~20191027,터미네이터2 3D,10,19910247,1991-07-06,11743,,"액션,SF,스릴러",,
20191014~20191020,조커,1,20199950,2019-10-02,4548653,https://ssl.pstatic.net/imgmovie/mdi/mit110/1676/167613_P09_182225.jpg,"액션,드라마,스릴러","“내 인생이 비극인줄 알았는데, 코미디였어”","고담시의 광대 아서 플렉은 코미디언을 꿈꾸는 남자.
 하지만 모두가 미쳐가는 코미디 같은 세상에서
 맨 정신으로는 그가 설 자리가 없음을 깨닫게 되는데…
 이제껏 본 적 없는 진짜 ‘조커’를 만나라!"
20191014~20191020,말레피센트 2,2,20191589,2019-10-17,611440,https://ssl.pstatic.net/imgmovie/mdi/mit110/1676/167635_P27_100146.jpg,"어드벤처,가족,판타지","동화는 끝났다!
두 세계의 운명을 건 가장 사악한 전쟁이 시작된다!","강력한 어둠의 지배자이자 무어스 숲의 수호자 ‘말레피센트’는 딸처럼 돌봐온 ‘오로라’와 ‘필립 왕자’의 결혼 약속으로 인간 세계의 ‘잉그리스 왕비’와 대립하게 된다.
 이에 요정과 인간의 오랜 연합이 깨지고 숨겨진 요정 종족 다크페이의 리더 ‘코널’까지 등장하면서 두 세계는 피할 수 없는 거대한 전쟁에 휘말리게 되는데….."
20191014~20191020,가장 보통의 연애,3,20195920,2019-10-02,2543784,https://ssl.pstatic.net/imgmovie/mdi/mit110/1822/182205_P35_110342.jpg,"멜로/로맨스,코미디",,"전 여친에 상처받은 ‘재훈’(김래원).  여느 때처럼 숙취로 시작한 아침,  모르는 번호의 누군가와 밤새 2시간이나 통화한 기록을 발견하게 되고   그 상대가 바로! 통성명한 지 24시간도 채 되지 않은 직장 동료 ‘선영’임을 알게 된다.   남친과 뒤끝 있는 이별 중인 ‘선영’(공효진).  새로운 회사로 출근한 첫날, 할 말 못 할 말 쏟아내며 남친과 헤어지던 현장에서 하필이면! 같은 직장의 ‘재훈’을 마주친다.  만난 지 하루 만에 일보다 서로의 연애사를 더 잘 알게 된 두 사람.  하지만 미묘한 긴장과 어색함도 잠시  ‘한심하다’, ‘어이없다’ 부딪히면서도 마음이 쓰이는 건 왜 그럴까?"
20191014~20191020,퍼펙트맨,4,20184483,2019-10-02,1182313,,"코미디,드라마",,
20191014~20191020,두번할까요,5,20185361,2019-10-17,136264,,"코미디,멜로/로맨스",,
20191014~20191020,제미니 맨,6,20191183,2019-10-09,375620,https://ssl.pstatic.net/imgmovie/mdi/mit110/1727/172764_P03_111945.jpg,"액션,드라마,SF","전설로 불리는 요원
그를 뛰어넘을 단 한 사람이 추격을 시작 했다!","최강의 요원 헨리(윌 스미스)는 자신과 완벽하게 닮은 의문의 요원(윌 스미스)에게 맹렬한 추격을 당한다. 
 한편 헨리와 이제 막 동료가 된 대니(메리 엘리자베스 윈스티드), 헨리의 오랜 동료 배런(베네딕트 웡)은 의문의 요원에게 
 이상한 낌새를 느끼고 정체를 파헤치기 시작하고, 그가 헨리의 DNA를 추출해 탄생한 ‘제미니 프로젝트’ 요원임을 알게 된다. 
 헨리의 전성기와 너무나 완벽하게 닮은 한 사람을 만나 충격에 빠지는 헨리와 동료들. 그들은 ‘제미니 프로젝트’를 파괴하기 위한 작전을 시작하는데…"
20191014~20191020,너를 만난 여름,7,20194223,2019-10-16,19205,https://ssl.pstatic.net/imgmovie/mdi/mit110/1877/187787_P22_112851.jpg,"드라마,멜로/로맨스",,"열일곱, 모든 게 서툴고 어설프지만 모든 게 좋았던 시간.
 너 ♡ 나 = 최고의 우리
 내가 가장 좋아하는 계절은
 
 ‘너를 만난 여름’"
20191014~20191020,장사리 : 잊혀진 영웅들,8,20193601,2019-09-25,1125481,https://ssl.pstatic.net/imgmovie/mdi/mit110/1598/159806_P02_134100.jpg,전쟁,,"인천상륙작전 D-1 ‘이명준’ 대위가 이끄는 유격대와 전투 경험이 없는 학도병들을 태운 문산호는 인천상륙작전의 양동작전인 장사상륙작전을 위해 장사리로 향한다. 평균나이 17세, 훈련기간 단 2주에 불과했던 772명 학도병들이  악천후 속에서 소나기처럼 쏟아지는 총알을 맞으며 상륙을 시도하는데…"
20191014~20191020,버티고,9,20183407,2019-10-16,11161,,"드라마,멜로/로맨스",,
20191014~20191020,날씨의 아이,10,20190280,2019-10-30,10363,https://ssl.pstatic.net/imgmovie/mdi/mit110/1811/181114_P00_152033.jpg,"애니메이션,판타지,멜로/로맨스","“이제 비는 그치고, 우리의 세상이 빛나기 시작할 거야”","비가 그치지 않던 어느 여름날,
 가출 소년 ‘호다카’는 수상한 잡지사에 취직하게 되고
 비밀스러운 소녀 ‘히나’를 우연히 만난다.
 
 “지금부터 하늘이 맑아질 거야”
 
 그녀의 기도에 거짓말 같이 빗줄기는 멈추고,
 사람들의 얼굴에 환한 빛이 내려온다.
 
 “신기해, 날씨 하나에 사람들의 감정이 이렇게나 움직이다니”
 
 하지만, 맑음 뒤 흐림이 찾아오듯
 두 사람은 엄청난 세계의 비밀을 마주하게 되는데…
 
 흐리기만 했던 세상이 빛나기 시작했고, 그 끝에는 네가 있었다."
20191007~20191013,조커,1,20199950,2019-10-02,3847424,https://ssl.pstatic.net/imgmovie/mdi/mit110/1676/167613_P09_182225.jpg,"액션,드라마,스릴러","“내 인생이 비극인줄 알았는데, 코미디였어”","고담시의 광대 아서 플렉은 코미디언을 꿈꾸는 남자.
 하지만 모두가 미쳐가는 코미디 같은 세상에서
 맨 정신으로는 그가 설 자리가 없음을 깨닫게 되는데…
 이제껏 본 적 없는 진짜 ‘조커’를 만나라!"
20191007~20191013,가장 보통의 연애,2,20195920,2019-10-02,2046856,https://ssl.pstatic.net/imgmovie/mdi/mit110/1822/182205_P35_110342.jpg,"멜로/로맨스,코미디",,"전 여친에 상처받은 ‘재훈’(김래원).  여느 때처럼 숙취로 시작한 아침,  모르는 번호의 누군가와 밤새 2시간이나 통화한 기록을 발견하게 되고   그 상대가 바로! 통성명한 지 24시간도 채 되지 않은 직장 동료 ‘선영’임을 알게 된다.   남친과 뒤끝 있는 이별 중인 ‘선영’(공효진).  새로운 회사로 출근한 첫날, 할 말 못 할 말 쏟아내며 남친과 헤어지던 현장에서 하필이면! 같은 직장의 ‘재훈’을 마주친다.  만난 지 하루 만에 일보다 서로의 연애사를 더 잘 알게 된 두 사람.  하지만 미묘한 긴장과 어색함도 잠시  ‘한심하다’, ‘어이없다’ 부딪히면서도 마음이 쓰이는 건 왜 그럴까?"
20191007~20191013,퍼펙트맨,3,20184483,2019-10-02,1033555,,"코미디,드라마",,
20191007~20191013,제미니 맨,4,20191183,2019-10-09,302135,https://ssl.pstatic.net/imgmovie/mdi/mit110/1727/172764_P03_111945.jpg,"액션,드라마,SF","전설로 불리는 요원
그를 뛰어넘을 단 한 사람이 추격을 시작 했다!","최강의 요원 헨리(윌 스미스)는 자신과 완벽하게 닮은 의문의 요원(윌 스미스)에게 맹렬한 추격을 당한다. 
 한편 헨리와 이제 막 동료가 된 대니(메리 엘리자베스 윈스티드), 헨리의 오랜 동료 배런(베네딕트 웡)은 의문의 요원에게 
 이상한 낌새를 느끼고 정체를 파헤치기 시작하고, 그가 헨리의 DNA를 추출해 탄생한 ‘제미니 프로젝트’ 요원임을 알게 된다. 
 헨리의 전성기와 너무나 완벽하게 닮은 한 사람을 만나 충격에 빠지는 헨리와 동료들. 그들은 ‘제미니 프로젝트’를 파괴하기 위한 작전을 시작하는데…"
20191007~20191013,장사리 : 잊혀진 영웅들,5,20193601,2019-09-25,1110465,https://ssl.pstatic.net/imgmovie/mdi/mit110/1598/159806_P02_134100.jpg,전쟁,,"인천상륙작전 D-1 ‘이명준’ 대위가 이끄는 유격대와 전투 경험이 없는 학도병들을 태운 문산호는 인천상륙작전의 양동작전인 장사상륙작전을 위해 장사리로 향한다. 평균나이 17세, 훈련기간 단 2주에 불과했던 772명 학도병들이  악천후 속에서 소나기처럼 쏟아지는 총알을 맞으며 상륙을 시도하는데…"
20191007~20191013,몬스터 하우스,6,20196380,2019-10-03,58604,,"애니메이션,어드벤처",,
20191007~20191013,소피와 드래곤: 마법책의 비밀,7,20195941,2019-10-02,90886,,"애니메이션,판타지,어드벤처",,
20191007~20191013,잃어버린 세계를 찾아서,8,20197691,2019-10-09,17510,https://ssl.pstatic.net/imgmovie/mdi/mit110/1816/181692_P21_144315.jpg,"애니메이션,어드벤처",“저기… 제 가족을 좀 찾아 주시겠어요?”,"예티, 빅풋, 사스콰치라 불리는 전설의 동물 유일하게 살아남은 ‘Mr. 링크’는 지구 반 바퀴 너머에 있는 일명 잃어버린 세계 ‘샹그릴라’에서 동족의 흔적이 발견됐다는 사실을 알게 된다  한편, 자칭 세계 최고의 탐험가라 주장하는 ‘라이오넬’ 전설의 동물 ‘빅풋’을 목격했다는 편지 한 통을 받고 북아메리카로 향한다 그리고 진짜로 만나게 된 전설의 동물은… 바로 ‘Mr. 링크’!  오랜 시간 숨어 살아온 ‘링크’에게는 가족을 찾기 위해 탐험가 ‘라이오넬’의 도움이 절실한 상황! 우여곡절 끝에 둘은 함께 모험을 떠나게 되는데…  미국 찍고! 유럽 돌고! 아시아 넘어!  링크와 라이오넬의 스펙터클! 글로벌 어드벤처가 시작된다!"
20191007~20191013,판소리 복서,9,20184243,2019-10-09,16827,,"코미디,드라마",,
20191007~20191013,원스 어폰 어 타임... 인 할리우드,10,20199446,2019-09-25,270172,https://ssl.pstatic.net/imgmovie/mdi/mit110/1728/172836_P09_101700.jpg,"드라마,코미디",,"1969년 할리우드, 잊혀져 가는 액션스타 ‘릭 달튼’과 그의 스턴트 배우 겸 매니저인 ‘클리프 부스’는 
 과거의 영광을 되찾기 위해 고군분투하지만 새로운 스타들에 밀려 큰 성과를 거두진 못한다.
 
 그러던 어느 날 ‘릭’의 옆집에 할리우드에서 
 가장 핫한 ‘로만 폴란스키’ 감독과 배우 ‘샤론 테이트’ 부부가 이사 오자 
 ‘릭’은 새로운 기회가 생길 수도 있다고 기뻐하지만 인사조차 나누지 못한다. 
 
 형편상 더 이상 함께 일할 수 없게 된 ‘릭’과 ‘클리프’는 각자의 길을 가기로 하고 
 ‘릭’의 집에서 술을 거나하게 마시던 중 뜻하지 않은 낯선 방문객을 맞이하게 되는데…"
20190930~20191006,조커,1,20199950,2019-10-02,2199816,https://ssl.pstatic.net/imgmovie/mdi/mit110/1676/167613_P09_182225.jpg,"액션,드라마,스릴러","“내 인생이 비극인줄 알았는데, 코미디였어”","고담시의 광대 아서 플렉은 코미디언을 꿈꾸는 남자.
 하지만 모두가 미쳐가는 코미디 같은 세상에서
 맨 정신으로는 그가 설 자리가 없음을 깨닫게 되는데…
 이제껏 본 적 없는 진짜 ‘조커’를 만나라!"
20190930~20191006,가장 보통의 연애,2,20195920,2019-10-02,1064468,https://ssl.pstatic.net/imgmovie/mdi/mit110/1822/182205_P35_110342.jpg,"멜로/로맨스,코미디",,"전 여친에 상처받은 ‘재훈’(김래원).  여느 때처럼 숙취로 시작한 아침,  모르는 번호의 누군가와 밤새 2시간이나 통화한 기록을 발견하게 되고   그 상대가 바로! 통성명한 지 24시간도 채 되지 않은 직장 동료 ‘선영’임을 알게 된다.   남친과 뒤끝 있는 이별 중인 ‘선영’(공효진).  새로운 회사로 출근한 첫날, 할 말 못 할 말 쏟아내며 남친과 헤어지던 현장에서 하필이면! 같은 직장의 ‘재훈’을 마주친다.  만난 지 하루 만에 일보다 서로의 연애사를 더 잘 알게 된 두 사람.  하지만 미묘한 긴장과 어색함도 잠시  ‘한심하다’, ‘어이없다’ 부딪히면서도 마음이 쓰이는 건 왜 그럴까?"
20190930~20191006,퍼펙트맨,3,20184483,2019-10-02,664291,,"코미디,드라마",,
20190930~20191006,장사리 : 잊혀진 영웅들,4,20193601,2019-09-25,1038106,https://ssl.pstatic.net/imgmovie/mdi/mit110/1598/159806_P02_134100.jpg,전쟁,,"인천상륙작전 D-1 ‘이명준’ 대위가 이끄는 유격대와 전투 경험이 없는 학도병들을 태운 문산호는 인천상륙작전의 양동작전인 장사상륙작전을 위해 장사리로 향한다. 평균나이 17세, 훈련기간 단 2주에 불과했던 772명 학도병들이  악천후 속에서 소나기처럼 쏟아지는 총알을 맞으며 상륙을 시도하는데…"
20190930~20191006,양자물리학,5,20194456,2019-09-25,542651,https://ssl.pstatic.net/imgmovie/mdi/mit110/1876/187629_P40_171937.jpg,범죄,,"‘생각이 현실을 만든다’라는 양자물리학적 신념을 인생의 모토로 삼은 유흥계의 화타 ‘이찬우’  어느 날 유명 연예인이 연루된 마약 파티 사건을 눈치챈다. “불법 없이! 탈세 없이!” 이 바닥에서도 혁신이 일어나야 한다고 믿는 그는 오랫동안 알고지낸 범죄정보과 계장 ‘박기헌’에게 이 정보를 흘린다. 단순한 사건이라고 생각했던 마약파티가 연예계는 물론 검찰, 정치계까지 연루된  거대한 마약 스캔들임을 알게 된 '이찬우'. 이제는 살기 위해 거대 권력과 맞서야 하는 상황. '이찬우’는 ‘박기헌’ 계장을 비롯해 황금인맥을 자랑하는 업계 퀸 ‘성은영’ 등 업계 에이스들과 함께 이 사건을 파헤치기로 한다.  부패 권력에 통쾌하게 맞서라! 생각은 현실을 만드니까!"
20190930~20191006,나쁜 녀석들: 더 무비,6,20188750,2019-09-11,4556694,https://ssl.pstatic.net/imgmovie/mdi/mit110/1779/177909_P32_103957.jpg,"범죄,액션",,"죄수들이 탈출했다! 교도소 호송차량이 전복되고 최악의 범죄자들이 탈주하는 사상 초유의 사건이 발생한다. 이에 경찰은 수감 중인 범죄자가 흉악범을 잡는 극비 프로젝트인 ‘특수범죄수사과’를 다시 소집한다.  미친개... 다시 풉시다! ‘오구탁’(김상중) 반장은 과거 함께 활약했던 전설의 주먹 ‘박웅철’(마동석)을 찾아가고,  감성 사기꾼 ‘곽노순’(김아중)과 전직 형사 ‘고유성’(장기용)을 영입해 새로운 팀을 구성한다.  새로운 멤버들이 합류해 더욱 강력하고 치밀하고 독해진 나쁜 녀석들. 이 사건을 파헤칠수록 배후에 거대한 범죄조직이 있다는 것을 직감한 그들은 더 나쁜 놈들을 소탕하기 위해 움직이기 시작하는데…  나쁜 녀석들의 법 없는 검거작전! 놈들처럼 생각하고 놈들처럼 행동할 그들이 온다!"
20190930~20191006,소피와 드래곤: 마법책의 비밀,7,20195941,2019-10-02,70420,,"애니메이션,판타지,어드벤처",,
20190930~20191006,원스 어폰 어 타임... 인 할리우드,8,20199446,2019-09-25,258139,https://ssl.pstatic.net/imgmovie/mdi/mit110/1728/172836_P09_101700.jpg,"드라마,코미디",,"1969년 할리우드, 잊혀져 가는 액션스타 ‘릭 달튼’과 그의 스턴트 배우 겸 매니저인 ‘클리프 부스’는 
 과거의 영광을 되찾기 위해 고군분투하지만 새로운 스타들에 밀려 큰 성과를 거두진 못한다.
 
 그러던 어느 날 ‘릭’의 옆집에 할리우드에서 
 가장 핫한 ‘로만 폴란스키’ 감독과 배우 ‘샤론 테이트’ 부부가 이사 오자 
 ‘릭’은 새로운 기회가 생길 수도 있다고 기뻐하지만 인사조차 나누지 못한다. 
 
 형편상 더 이상 함께 일할 수 없게 된 ‘릭’과 ‘클리프’는 각자의 길을 가기로 하고 
 ‘릭’의 집에서 술을 거나하게 마시던 중 뜻하지 않은 낯선 방문객을 맞이하게 되는데…"
20190930~20191006,몬스터 하우스,9,20196380,2019-10-03,37998,,"애니메이션,어드벤처",,
20190930~20191006,애드 아스트라,10,20192982,2019-09-19,508767,https://ssl.pstatic.net/imgmovie/mdi/mit110/1598/159887_P21_155654.jpg,"SF,스릴러",아버지를 영웅이라 믿었다!,"미 육군 소령  ‘로이 맥브라이드’(브래드 피트)는
 우주의 지적생명체를 찾기 위한 ‘리마 프로젝트’를 수행하다 실종된 아버지를
 영웅이라 믿으며 우주 비행사의 꿈을 키웠다. 
 
 어느 날, ‘로이’는 이상 현상으로 우주 안테나에서 지구로 추락하는 사고를 당하고
 인류를 위협할 전류 급증 현상인 이 ‘써지’ 사태가
 자신의 아버지가 벌인 위험한 실험에서 시작되었다는 이야기를 듣게 된다. 
 
 믿고 있는 모든 것이 흔들린다!
 
 아버지가 살아 있다는 충격적인 사실과 함께
 그를 막아야 한다는 임무를 맡게 된 ‘로이’는 우주로 향하게 되는데…
 
 지금껏 본 적 없는 진짜 미래를 경험하라!"
20190923~20190929,장사리 : 잊혀진 영웅들,1,20193601,2019-09-25,689707,https://ssl.pstatic.net/imgmovie/mdi/mit110/1598/159806_P02_134100.jpg,전쟁,,"인천상륙작전 D-1 ‘이명준’ 대위가 이끄는 유격대와 전투 경험이 없는 학도병들을 태운 문산호는 인천상륙작전의 양동작전인 장사상륙작전을 위해 장사리로 향한다. 평균나이 17세, 훈련기간 단 2주에 불과했던 772명 학도병들이  악천후 속에서 소나기처럼 쏟아지는 총알을 맞으며 상륙을 시도하는데…"
20190923~20190929,나쁜 녀석들: 더 무비,2,20188750,2019-09-11,4442227,https://ssl.pstatic.net/imgmovie/mdi/mit110/1779/177909_P32_103957.jpg,"범죄,액션",,"죄수들이 탈출했다! 교도소 호송차량이 전복되고 최악의 범죄자들이 탈주하는 사상 초유의 사건이 발생한다. 이에 경찰은 수감 중인 범죄자가 흉악범을 잡는 극비 프로젝트인 ‘특수범죄수사과’를 다시 소집한다.  미친개... 다시 풉시다! ‘오구탁’(김상중) 반장은 과거 함께 활약했던 전설의 주먹 ‘박웅철’(마동석)을 찾아가고,  감성 사기꾼 ‘곽노순’(김아중)과 전직 형사 ‘고유성’(장기용)을 영입해 새로운 팀을 구성한다.  새로운 멤버들이 합류해 더욱 강력하고 치밀하고 독해진 나쁜 녀석들. 이 사건을 파헤칠수록 배후에 거대한 범죄조직이 있다는 것을 직감한 그들은 더 나쁜 놈들을 소탕하기 위해 움직이기 시작하는데…  나쁜 녀석들의 법 없는 검거작전! 놈들처럼 생각하고 놈들처럼 행동할 그들이 온다!"
20190923~20190929,양자물리학,3,20194456,2019-09-25,387601,https://ssl.pstatic.net/imgmovie/mdi/mit110/1876/187629_P40_171937.jpg,범죄,,"‘생각이 현실을 만든다’라는 양자물리학적 신념을 인생의 모토로 삼은 유흥계의 화타 ‘이찬우’  어느 날 유명 연예인이 연루된 마약 파티 사건을 눈치챈다. “불법 없이! 탈세 없이!” 이 바닥에서도 혁신이 일어나야 한다고 믿는 그는 오랫동안 알고지낸 범죄정보과 계장 ‘박기헌’에게 이 정보를 흘린다. 단순한 사건이라고 생각했던 마약파티가 연예계는 물론 검찰, 정치계까지 연루된  거대한 마약 스캔들임을 알게 된 '이찬우'. 이제는 살기 위해 거대 권력과 맞서야 하는 상황. '이찬우’는 ‘박기헌’ 계장을 비롯해 황금인맥을 자랑하는 업계 퀸 ‘성은영’ 등 업계 에이스들과 함께 이 사건을 파헤치기로 한다.  부패 권력에 통쾌하게 맞서라! 생각은 현실을 만드니까!"
20190923~20190929,원스 어폰 어 타임... 인 할리우드,4,20199446,2019-09-25,197002,https://ssl.pstatic.net/imgmovie/mdi/mit110/1728/172836_P09_101700.jpg,"드라마,코미디",,"1969년 할리우드, 잊혀져 가는 액션스타 ‘릭 달튼’과 그의 스턴트 배우 겸 매니저인 ‘클리프 부스’는 
 과거의 영광을 되찾기 위해 고군분투하지만 새로운 스타들에 밀려 큰 성과를 거두진 못한다.
 
 그러던 어느 날 ‘릭’의 옆집에 할리우드에서 
 가장 핫한 ‘로만 폴란스키’ 감독과 배우 ‘샤론 테이트’ 부부가 이사 오자 
 ‘릭’은 새로운 기회가 생길 수도 있다고 기뻐하지만 인사조차 나누지 못한다. 
 
 형편상 더 이상 함께 일할 수 없게 된 ‘릭’과 ‘클리프’는 각자의 길을 가기로 하고 
 ‘릭’의 집에서 술을 거나하게 마시던 중 뜻하지 않은 낯선 방문객을 맞이하게 되는데…"
20190923~20190929,애드 아스트라,5,20192982,2019-09-19,487511,https://ssl.pstatic.net/imgmovie/mdi/mit110/1598/159887_P21_155654.jpg,"SF,스릴러",아버지를 영웅이라 믿었다!,"미 육군 소령  ‘로이 맥브라이드’(브래드 피트)는
 우주의 지적생명체를 찾기 위한 ‘리마 프로젝트’를 수행하다 실종된 아버지를
 영웅이라 믿으며 우주 비행사의 꿈을 키웠다. 
 
 어느 날, ‘로이’는 이상 현상으로 우주 안테나에서 지구로 추락하는 사고를 당하고
 인류를 위협할 전류 급증 현상인 이 ‘써지’ 사태가
 자신의 아버지가 벌인 위험한 실험에서 시작되었다는 이야기를 듣게 된다. 
 
 믿고 있는 모든 것이 흔들린다!
 
 아버지가 살아 있다는 충격적인 사실과 함께
 그를 막아야 한다는 임무를 맡게 된 ‘로이’는 우주로 향하게 되는데…
 
 지금껏 본 적 없는 진짜 미래를 경험하라!"
20190923~20190929,타짜: 원 아이드 잭,6,20184572,2019-09-11,2212819,https://ssl.pstatic.net/imgmovie/mdi/mit110/0969/96951_P31_160647.jpg,"범죄,드라마",,"전설적인 타짜 ‘짝귀’의 아들이자 고시생인 ‘일출’(박정민)은 공부에는 흥미가 없지만 포커판에서는 날고 기는 실력자다. 포커판에서 우연히 알게 된 ‘마돈나’(최유화)의 묘한 매력에 빠져든 일출은 그녀의 곁을 지키는 ‘이상무’(윤제문)에게 속아 포커의 쓴맛을 제대로 배운다. 돈도 잃고 자존심까지 무너진 채 벼랑 끝에 몰린 도일출, 그의 앞에 정체불명의 타짜 ‘애꾸’(류승범)가 나타난다.  거액이 걸린 거대한 판을 설계한 애꾸는 전국에서 타짜들을 불러모은다. 일출을 시작으로 셔플의 제왕 까치(이광수), 남다른 연기력의 영미(임지연), 숨은 고수 권원장(권해효)까지 무엇이든 될 수 있고, 누구든 이길 수 있는 ‘원 아이드 잭’ 팀으로 모인 이들, 인생을 바꿀 새로운 판에 뛰어드는데…  베팅을 할 때는 인생을 걸어야지! 타짜니까!"
20190923~20190929,예스터데이,7,20193807,2019-09-18,292246,https://ssl.pstatic.net/imgmovie/mdi/mit110/1831/183110_P04_135636.jpg,드라마,인생을 바꿀 수 있는 선택의 순간이 당신에게도 찾아온다면?,"하루하루 힘겹게 음악을 하던 무명 뮤지션 잭. 모든 것을 포기하려던 순간, 전세계가 동시에 정전이 된다!
 다음 날 세상에선 비틀즈가 사라지고, 오직 잭만이 그들의 음악을 기억하게 된다.
 특별한 기회를 만난 잭은 세계적인 스타가 될 운명에 섰는데…"
20190923~20190929,퍼펙트맨,8,20184483,2019-10-02,90087,,"코미디,드라마",,
20190923~20190929,"힘을 내요, 미스터 리",9,20187322,2019-09-11,1166190,,"코미디,드라마",,
20190923~20190929,더 룸,10,20195968,2019-09-25,44682,https://ssl.pstatic.net/imgmovie/mdi/mit110/1839/183994_P19_111920.jpg,"미스터리,스릴러",,"말하는 대로 원하는 대로 다 들어주는 ‘비밀의 방’이 있다.
 돈, 다이아몬드, 최고급 샴페인, 반 고흐 걸작…
 원한다면 아기까지도.
 
 원하는 것은 뭐든 들어준다. 
 단, 소원은 신중하게 빌 것!
 그리고 규칙을 반드시 지킬 것!"
20190916~20190922,나쁜 녀석들: 더 무비,1,20188750,2019-09-11,3906771,https://ssl.pstatic.net/imgmovie/mdi/mit110/1779/177909_P32_103957.jpg,"범죄,액션",,"죄수들이 탈출했다! 교도소 호송차량이 전복되고 최악의 범죄자들이 탈주하는 사상 초유의 사건이 발생한다. 이에 경찰은 수감 중인 범죄자가 흉악범을 잡는 극비 프로젝트인 ‘특수범죄수사과’를 다시 소집한다.  미친개... 다시 풉시다! ‘오구탁’(김상중) 반장은 과거 함께 활약했던 전설의 주먹 ‘박웅철’(마동석)을 찾아가고,  감성 사기꾼 ‘곽노순’(김아중)과 전직 형사 ‘고유성’(장기용)을 영입해 새로운 팀을 구성한다.  새로운 멤버들이 합류해 더욱 강력하고 치밀하고 독해진 나쁜 녀석들. 이 사건을 파헤칠수록 배후에 거대한 범죄조직이 있다는 것을 직감한 그들은 더 나쁜 놈들을 소탕하기 위해 움직이기 시작하는데…  나쁜 녀석들의 법 없는 검거작전! 놈들처럼 생각하고 놈들처럼 행동할 그들이 온다!"
20190916~20190922,타짜: 원 아이드 잭,2,20184572,2019-09-11,2111602,https://ssl.pstatic.net/imgmovie/mdi/mit110/0969/96951_P31_160647.jpg,"범죄,드라마",,"전설적인 타짜 ‘짝귀’의 아들이자 고시생인 ‘일출’(박정민)은 공부에는 흥미가 없지만 포커판에서는 날고 기는 실력자다. 포커판에서 우연히 알게 된 ‘마돈나’(최유화)의 묘한 매력에 빠져든 일출은 그녀의 곁을 지키는 ‘이상무’(윤제문)에게 속아 포커의 쓴맛을 제대로 배운다. 돈도 잃고 자존심까지 무너진 채 벼랑 끝에 몰린 도일출, 그의 앞에 정체불명의 타짜 ‘애꾸’(류승범)가 나타난다.  거액이 걸린 거대한 판을 설계한 애꾸는 전국에서 타짜들을 불러모은다. 일출을 시작으로 셔플의 제왕 까치(이광수), 남다른 연기력의 영미(임지연), 숨은 고수 권원장(권해효)까지 무엇이든 될 수 있고, 누구든 이길 수 있는 ‘원 아이드 잭’ 팀으로 모인 이들, 인생을 바꿀 새로운 판에 뛰어드는데…  베팅을 할 때는 인생을 걸어야지! 타짜니까!"
20190916~20190922,애드 아스트라,3,20192982,2019-09-19,352932,https://ssl.pstatic.net/imgmovie/mdi/mit110/1598/159887_P21_155654.jpg,"SF,스릴러",아버지를 영웅이라 믿었다!,"미 육군 소령  ‘로이 맥브라이드’(브래드 피트)는
 우주의 지적생명체를 찾기 위한 ‘리마 프로젝트’를 수행하다 실종된 아버지를
 영웅이라 믿으며 우주 비행사의 꿈을 키웠다. 
 
 어느 날, ‘로이’는 이상 현상으로 우주 안테나에서 지구로 추락하는 사고를 당하고
 인류를 위협할 전류 급증 현상인 이 ‘써지’ 사태가
 자신의 아버지가 벌인 위험한 실험에서 시작되었다는 이야기를 듣게 된다. 
 
 믿고 있는 모든 것이 흔들린다!
 
 아버지가 살아 있다는 충격적인 사실과 함께
 그를 막아야 한다는 임무를 맡게 된 ‘로이’는 우주로 향하게 되는데…
 
 지금껏 본 적 없는 진짜 미래를 경험하라!"
20190916~20190922,"힘을 내요, 미스터 리",4,20187322,2019-09-11,1119490,,"코미디,드라마",,
20190916~20190922,예스터데이,5,20193807,2019-09-18,226984,https://ssl.pstatic.net/imgmovie/mdi/mit110/1831/183110_P04_135636.jpg,드라마,인생을 바꿀 수 있는 선택의 순간이 당신에게도 찾아온다면?,"하루하루 힘겹게 음악을 하던 무명 뮤지션 잭. 모든 것을 포기하려던 순간, 전세계가 동시에 정전이 된다!
 다음 날 세상에선 비틀즈가 사라지고, 오직 잭만이 그들의 음악을 기억하게 된다.
 특별한 기회를 만난 잭은 세계적인 스타가 될 운명에 섰는데…"
20190916~20190922,극장판 헬로카봇 : 달나라를 구해줘!,6,20193821,2019-09-04,558571,,애니메이션,,
20190916~20190922,퍼펙트맨,7,20184483,2019-10-02,30701,,"코미디,드라마",,
20190916~20190922,그것: 두 번째 이야기,8,20192804,2019-09-04,584467,https://ssl.pstatic.net/imgmovie/mdi/mit110/1675/167560_P15_134853.jpg,스릴러,‘그것’과 함께 ‘그들’도 돌아왔다!,"27년마다 아이들이 사라지는 마을 데리, 또 다시 ‘그것’이 나타났다.
 27년 전, 가장 무서워하는 것의 모습으로 나타나 아이들을 잡아먹는 그것 페니와이즈에 맞섰던 ‘루저 클럽’ 친구들은 어른이 되어도 더 커져만 가는 그것의 공포를 끝내기 위해 피할 수 없는 마지막 대결에 나선다."
20190916~20190922,엑시트,9,20184621,2019-07-31,9407843,https://ssl.pstatic.net/imgmovie/mdi/mit110/1749/174903_P56_101925.jpg,"코미디,액션","짠내 폭발 청년백수, 전대미문의 진짜 재난을 만나다!","대학교 산악 동아리 에이스 출신이지만 졸업 후 몇 년째 취업 실패로 눈칫밥만 먹는 용남은 온 가족이 참석한 어머니의 칠순 잔치에서 연회장 직원으로 취업한 동아리 후배 의주를 만난다 어색한 재회도 잠시, 칠순 잔치가 무르익던 중 의문의 연기가 빌딩에서 피어 오르며 피할 새도 없이 순식간에 도심 전체는 유독가스로 뒤덮여 일대혼란에 휩싸이게 된다. 용남과 의주는 산악 동아리 시절 쌓아 뒀던 모든 체력과 스킬을 동원해 탈출을 향한 기지를 발휘하기 시작하는데…"
20190916~20190922,벌새,10,20181103,2019-08-29,93366,,드라마,,
20190909~20190915,나쁜 녀석들: 더 무비,1,20188750,2019-09-11,2680932,https://ssl.pstatic.net/imgmovie/mdi/mit110/1779/177909_P32_103957.jpg,"범죄,액션",,"죄수들이 탈출했다! 교도소 호송차량이 전복되고 최악의 범죄자들이 탈주하는 사상 초유의 사건이 발생한다. 이에 경찰은 수감 중인 범죄자가 흉악범을 잡는 극비 프로젝트인 ‘특수범죄수사과’를 다시 소집한다.  미친개... 다시 풉시다! ‘오구탁’(김상중) 반장은 과거 함께 활약했던 전설의 주먹 ‘박웅철’(마동석)을 찾아가고,  감성 사기꾼 ‘곽노순’(김아중)과 전직 형사 ‘고유성’(장기용)을 영입해 새로운 팀을 구성한다.  새로운 멤버들이 합류해 더욱 강력하고 치밀하고 독해진 나쁜 녀석들. 이 사건을 파헤칠수록 배후에 거대한 범죄조직이 있다는 것을 직감한 그들은 더 나쁜 놈들을 소탕하기 위해 움직이기 시작하는데…  나쁜 녀석들의 법 없는 검거작전! 놈들처럼 생각하고 놈들처럼 행동할 그들이 온다!"
20190909~20190915,타짜: 원 아이드 잭,2,20184572,2019-09-11,1684033,https://ssl.pstatic.net/imgmovie/mdi/mit110/0969/96951_P31_160647.jpg,"범죄,드라마",,"전설적인 타짜 ‘짝귀’의 아들이자 고시생인 ‘일출’(박정민)은 공부에는 흥미가 없지만 포커판에서는 날고 기는 실력자다. 포커판에서 우연히 알게 된 ‘마돈나’(최유화)의 묘한 매력에 빠져든 일출은 그녀의 곁을 지키는 ‘이상무’(윤제문)에게 속아 포커의 쓴맛을 제대로 배운다. 돈도 잃고 자존심까지 무너진 채 벼랑 끝에 몰린 도일출, 그의 앞에 정체불명의 타짜 ‘애꾸’(류승범)가 나타난다.  거액이 걸린 거대한 판을 설계한 애꾸는 전국에서 타짜들을 불러모은다. 일출을 시작으로 셔플의 제왕 까치(이광수), 남다른 연기력의 영미(임지연), 숨은 고수 권원장(권해효)까지 무엇이든 될 수 있고, 누구든 이길 수 있는 ‘원 아이드 잭’ 팀으로 모인 이들, 인생을 바꿀 새로운 판에 뛰어드는데…  베팅을 할 때는 인생을 걸어야지! 타짜니까!"
20190909~20190915,"힘을 내요, 미스터 리",3,20187322,2019-09-11,885846,,"코미디,드라마",,
20190909~20190915,극장판 헬로카봇 : 달나라를 구해줘!,4,20193821,2019-09-04,503224,,애니메이션,,
20190909~20190915,엑시트,5,20184621,2019-07-31,9387083,https://ssl.pstatic.net/imgmovie/mdi/mit110/1749/174903_P56_101925.jpg,"코미디,액션","짠내 폭발 청년백수, 전대미문의 진짜 재난을 만나다!","대학교 산악 동아리 에이스 출신이지만 졸업 후 몇 년째 취업 실패로 눈칫밥만 먹는 용남은 온 가족이 참석한 어머니의 칠순 잔치에서 연회장 직원으로 취업한 동아리 후배 의주를 만난다 어색한 재회도 잠시, 칠순 잔치가 무르익던 중 의문의 연기가 빌딩에서 피어 오르며 피할 새도 없이 순식간에 도심 전체는 유독가스로 뒤덮여 일대혼란에 휩싸이게 된다. 용남과 의주는 산악 동아리 시절 쌓아 뒀던 모든 체력과 스킬을 동원해 탈출을 향한 기지를 발휘하기 시작하는데…"
20190909~20190915,그것: 두 번째 이야기,6,20192804,2019-09-04,557014,https://ssl.pstatic.net/imgmovie/mdi/mit110/1675/167560_P15_134853.jpg,스릴러,‘그것’과 함께 ‘그들’도 돌아왔다!,"27년마다 아이들이 사라지는 마을 데리, 또 다시 ‘그것’이 나타났다.
 27년 전, 가장 무서워하는 것의 모습으로 나타나 아이들을 잡아먹는 그것 페니와이즈에 맞섰던 ‘루저 클럽’ 친구들은 어른이 되어도 더 커져만 가는 그것의 공포를 끝내기 위해 피할 수 없는 마지막 대결에 나선다."
20190909~20190915,유열의 음악앨범,7,20181416,2019-08-28,1225554,https://ssl.pstatic.net/imgmovie/mdi/mit110/1791/179158_P35_115826.jpg,"멜로/로맨스,드라마",,"""오늘 기적이 일어났어요."" 1994년 가수 유열이 라디오 DJ를 처음 진행하던 날, 엄마가 남겨준 빵집에서 일하던 미수(김고은)는 우연히 찾아 온 현우(정해인)를 만나  설레는 감정을 느끼게 되지만 뜻하지 않은 사건으로 인해 연락이 끊기게 된다.  ""그때, 나는 네가 돌아오지 않을 거라고 생각했어. 그래도 기다렸는데…"" 다시 기적처럼 마주친 두 사람은 설렘과 애틋함 사이에서 마음을 키워 가지만 서로의 상황과 시간은 자꾸 어긋나기만 한다. 계속되는 엇갈림 속에서도 라디오 ‘유열의 음악앨범’과 함께 우연과 필연을 반복하는 두 사람…   함께 듣던 라디오처럼 그들은 서로의 주파수를 맞출 수 있을까?"
20190909~20190915,극장판 반지의 비밀일기,8,20194045,2019-09-11,56299,https://ssl.pstatic.net/imgmovie/mdi/mit110/1859/185913_P12_101651.jpg,애니메이션,오늘의 일기,"요즘 비가 오는 날이면 방울 소리와 함께 친구들이 하나 둘 씩 사라지기 시작했다. 그런데… 우리 아빠도 사라졌다! ㅠ_ㅠ  베프 ‘응심이’ ‘냠냠이’와 아빠를 찾던 그때,  미스터리한 빵 장수가 나타나 순식간에 이상한 세계로 빨려 들어왔다!  아이스크림 동산과 초콜릿 동굴이 있고 슈크림 대마왕과 바게트 병사들이 지키는  달콤하고 수상한 여기는 도대체 어디지!?"
20190909~20190915,분노의 질주: 홉스&쇼,9,20196850,2019-08-14,3649860,,액션,,
20190909~20190915,변신,10,20184543,2019-08-21,1797796,https://ssl.pstatic.net/imgmovie/mdi/mit110/1803/180351_P52_141008.jpg,"공포(호러),스릴러",“어제 밤에는 아빠가 두 명이었어요”,사람의 모습으로 변신하는 악마가 우리 가족 안에 숨어들면서 기이하고 섬뜩한 사건들이 벌어진다 서로 의심하고 증오하고 분노하는 가운데 구마 사제인 삼촌 '중수'가 예고없이 찾아오는데…  절대 믿지도 듣지도 마라
20190902~20190908,유열의 음악앨범,1,20181416,2019-08-28,1117413,https://ssl.pstatic.net/imgmovie/mdi/mit110/1791/179158_P35_115826.jpg,"멜로/로맨스,드라마",,"""오늘 기적이 일어났어요."" 1994년 가수 유열이 라디오 DJ를 처음 진행하던 날, 엄마가 남겨준 빵집에서 일하던 미수(김고은)는 우연히 찾아 온 현우(정해인)를 만나  설레는 감정을 느끼게 되지만 뜻하지 않은 사건으로 인해 연락이 끊기게 된다.  ""그때, 나는 네가 돌아오지 않을 거라고 생각했어. 그래도 기다렸는데…"" 다시 기적처럼 마주친 두 사람은 설렘과 애틋함 사이에서 마음을 키워 가지만 서로의 상황과 시간은 자꾸 어긋나기만 한다. 계속되는 엇갈림 속에서도 라디오 ‘유열의 음악앨범’과 함께 우연과 필연을 반복하는 두 사람…   함께 듣던 라디오처럼 그들은 서로의 주파수를 맞출 수 있을까?"
20190902~20190908,그것: 두 번째 이야기,2,20192804,2019-09-04,414878,https://ssl.pstatic.net/imgmovie/mdi/mit110/1675/167560_P15_134853.jpg,스릴러,‘그것’과 함께 ‘그들’도 돌아왔다!,"27년마다 아이들이 사라지는 마을 데리, 또 다시 ‘그것’이 나타났다.
 27년 전, 가장 무서워하는 것의 모습으로 나타나 아이들을 잡아먹는 그것 페니와이즈에 맞섰던 ‘루저 클럽’ 친구들은 어른이 되어도 더 커져만 가는 그것의 공포를 끝내기 위해 피할 수 없는 마지막 대결에 나선다."
20190902~20190908,극장판 헬로카봇 : 달나라를 구해줘!,3,20193821,2019-09-04,319417,,애니메이션,,
20190902~20190908,엑시트,4,20184621,2019-07-31,9215318,https://ssl.pstatic.net/imgmovie/mdi/mit110/1749/174903_P56_101925.jpg,"코미디,액션","짠내 폭발 청년백수, 전대미문의 진짜 재난을 만나다!","대학교 산악 동아리 에이스 출신이지만 졸업 후 몇 년째 취업 실패로 눈칫밥만 먹는 용남은 온 가족이 참석한 어머니의 칠순 잔치에서 연회장 직원으로 취업한 동아리 후배 의주를 만난다 어색한 재회도 잠시, 칠순 잔치가 무르익던 중 의문의 연기가 빌딩에서 피어 오르며 피할 새도 없이 순식간에 도심 전체는 유독가스로 뒤덮여 일대혼란에 휩싸이게 된다. 용남과 의주는 산악 동아리 시절 쌓아 뒀던 모든 체력과 스킬을 동원해 탈출을 향한 기지를 발휘하기 시작하는데…"
20190902~20190908,변신,5,20184543,2019-08-21,1757679,https://ssl.pstatic.net/imgmovie/mdi/mit110/1803/180351_P52_141008.jpg,"공포(호러),스릴러",“어제 밤에는 아빠가 두 명이었어요”,사람의 모습으로 변신하는 악마가 우리 가족 안에 숨어들면서 기이하고 섬뜩한 사건들이 벌어진다 서로 의심하고 증오하고 분노하는 가운데 구마 사제인 삼촌 '중수'가 예고없이 찾아오는데…  절대 믿지도 듣지도 마라
20190902~20190908,분노의 질주: 홉스&쇼,6,20196850,2019-08-14,3607501,,액션,,
20190902~20190908,47미터 2,7,20193665,2019-08-28,440356,https://ssl.pstatic.net/imgmovie/mdi/mit110/1871/187161_P20_165234.jpg,"공포(호러),스릴러",,"물에 잠긴 고대 마야의 수중도시 '시발바'를 향해
 짜릿한 동굴 다이빙에 나선 '미아'와 친구들은
 예기치 못한 사고로 미로 같은 동굴 속에 갇혀 헤매던 중
 오랜 시간 굶주린 블라인드 샤크와 맞닥뜨리게 된다.
 
 산소도, 탈출구도 없는 칠흑 같은 어둠 속에 갇힌 이들은
 눈 보다 예민한 제3의 감각으로 좁혀오는 상어떼를 피해
 목숨을 건 극한의 숨바꼭질을 시작하는데.."
20190902~20190908,봉오동 전투,8,20184462,2019-08-07,4767092,https://ssl.pstatic.net/imgmovie/mdi/mit110/1785/178526_P39_141329.jpg,"사극,액션,드라마","임무는 단 하나! 달리고 달려, 일본군을 죽음의 골짜기로 유인하라!","1919년 3.1운동 이후 봉오동 일대에서 독립군의 무장항쟁이 활발해진다.  일본은 신식 무기로 무장한 월강추격대를 필두로 독립군 토벌 작전을 시작하고, 독립군은 불리한 상황을 이겨내기 위해 봉오동 지형을 활용하기로 한다.  항일대도를 휘두르는 비범한 칼솜씨의 해철(유해진)과 발 빠른 독립군 분대장 장하(류준열) 그리고 해철의 오른팔이자 날쌘 저격수 병구(조우진)는 빗발치는 총탄과 포위망을 뚫고 죽음의 골짜기로 일본군을 유인한다.  계곡과 능선을 넘나들며 귀신같은 움직임과 예측할 수 없는 지략을 펼치는 독립군의 활약에 일본군은 당황하기 시작하는데...  1920년 6월, 역사에 기록된 독립군의 첫 승리 봉오동 죽음의 골짜기에 묻혔던 이야기가 지금부터 시작된다."
20190902~20190908,안녕 베일리,9,20194541,2019-09-05,39817,https://ssl.pstatic.net/imgmovie/mdi/mit110/1817/181700_P34_164530.jpg,가족,"프로환생견 베일리의 견생 N차 미션!
우리에게 전하는 유쾌하고 가슴 뭉클한 인사!","“함께라서 행복해”
 환생만 벌써 5번째! 도무지 끝날 줄 모르는 ‘베일리’의 삶에 새로운 미션이 생겼다?! 
 바로 ‘이든’의 작은 베이비 ‘씨제이’를 돌보는 것.
 
 “옆에 있어줘서 고마워”
 소꿉놀이도 해야 하고 위험한 곳에 들어가면 짖어서 알려줘야 하고, 
 ‘씨제이’와 함께 해야 할 일이 너무나도 많이 남았는데 
 ‘씨제이’는 ‘베일리’와 ‘이든’의 곁을 떠나 도시로 향한다. 
 7년 후 ‘몰리’로 다시 태어난 ‘베일리’는 우여곡절 끝에 ‘씨제이’의 집으로 입양되고 
 ‘씨제이’가 행복할 때, 슬플 때, 외로울 때 항상 옆에 있어준다.
 
 “혼자 둬서 미안해”
 주유소의 ‘빅독’으로 다시 태어난 ‘베일리’. 
 ‘씨제이’를 만나기만을 기다리지만 우연히 만나게 된 ‘씨제이’는 
 ‘베일리’를 알아보지 못하고 떠나버린다.
 
 “내 인생은 온통 너야. 사랑해”
 킁킁킁… 어디서 ‘씨제이’ 냄새 안나요? 
 ‘맥스’로 환생한 ‘베일리’는 오직 일견단심 ‘씨제이’를 기다리던 중 
 유기견 입양소에서 드디어 ‘씨제이’를 다시 만나게 된다.
 
 인생은 길고 견생은 짧다는데, 저 녀석을 끝까지 지켜줄 수 있을까?"
20190902~20190908,광대들: 풍문조작단,10,20185985,2019-08-21,632384,https://ssl.pstatic.net/imgmovie/mdi/mit110/1676/167653_P58_145534.jpg,사극,"세조 실록에 기록된 40여건의 기이한 현상,
그 뒤에는 바로 광대들이 있었다?!","조선 팔도를 무대로 풍문을 조작하고 민심을 뒤흔드는 광대패 5인방. 어느 날 조선 최고의 권력자 ‘한명회’로부터  조카를 죽이고 왕이 된 ‘세조’의 미담을 만들어내라는 명을 받는다.   광대패의 리더 ‘덕호’와 무리들은 목숨을 걸고  지금껏 듣지도 보지도 못한 놀라운 판을 짜기 시작하는데…  그들이 뜨는 순간, 역사가 뒤바뀐다!"
20190826~20190901,변신,1,20184543,2019-08-21,1499360,https://ssl.pstatic.net/imgmovie/mdi/mit110/1803/180351_P52_141008.jpg,"공포(호러),스릴러",“어제 밤에는 아빠가 두 명이었어요”,사람의 모습으로 변신하는 악마가 우리 가족 안에 숨어들면서 기이하고 섬뜩한 사건들이 벌어진다 서로 의심하고 증오하고 분노하는 가운데 구마 사제인 삼촌 '중수'가 예고없이 찾아오는데…  절대 믿지도 듣지도 마라
20190826~20190901,유열의 음악앨범,2,20181416,2019-08-28,684517,https://ssl.pstatic.net/imgmovie/mdi/mit110/1791/179158_P35_115826.jpg,"멜로/로맨스,드라마",,"""오늘 기적이 일어났어요."" 1994년 가수 유열이 라디오 DJ를 처음 진행하던 날, 엄마가 남겨준 빵집에서 일하던 미수(김고은)는 우연히 찾아 온 현우(정해인)를 만나  설레는 감정을 느끼게 되지만 뜻하지 않은 사건으로 인해 연락이 끊기게 된다.  ""그때, 나는 네가 돌아오지 않을 거라고 생각했어. 그래도 기다렸는데…"" 다시 기적처럼 마주친 두 사람은 설렘과 애틋함 사이에서 마음을 키워 가지만 서로의 상황과 시간은 자꾸 어긋나기만 한다. 계속되는 엇갈림 속에서도 라디오 ‘유열의 음악앨범’과 함께 우연과 필연을 반복하는 두 사람…   함께 듣던 라디오처럼 그들은 서로의 주파수를 맞출 수 있을까?"
20190826~20190901,엑시트,3,20184621,2019-07-31,8907014,https://ssl.pstatic.net/imgmovie/mdi/mit110/1749/174903_P56_101925.jpg,"코미디,액션","짠내 폭발 청년백수, 전대미문의 진짜 재난을 만나다!","대학교 산악 동아리 에이스 출신이지만 졸업 후 몇 년째 취업 실패로 눈칫밥만 먹는 용남은 온 가족이 참석한 어머니의 칠순 잔치에서 연회장 직원으로 취업한 동아리 후배 의주를 만난다 어색한 재회도 잠시, 칠순 잔치가 무르익던 중 의문의 연기가 빌딩에서 피어 오르며 피할 새도 없이 순식간에 도심 전체는 유독가스로 뒤덮여 일대혼란에 휩싸이게 된다. 용남과 의주는 산악 동아리 시절 쌓아 뒀던 모든 체력과 스킬을 동원해 탈출을 향한 기지를 발휘하기 시작하는데…"
20190826~20190901,분노의 질주: 홉스&쇼,4,20196850,2019-08-14,3414361,,액션,,
20190826~20190901,47미터 2,5,20193665,2019-08-28,311240,https://ssl.pstatic.net/imgmovie/mdi/mit110/1871/187161_P20_165234.jpg,"공포(호러),스릴러",,"물에 잠긴 고대 마야의 수중도시 '시발바'를 향해
 짜릿한 동굴 다이빙에 나선 '미아'와 친구들은
 예기치 못한 사고로 미로 같은 동굴 속에 갇혀 헤매던 중
 오랜 시간 굶주린 블라인드 샤크와 맞닥뜨리게 된다.
 
 산소도, 탈출구도 없는 칠흑 같은 어둠 속에 갇힌 이들은
 눈 보다 예민한 제3의 감각으로 좁혀오는 상어떼를 피해
 목숨을 건 극한의 숨바꼭질을 시작하는데.."
20190826~20190901,봉오동 전투,6,20184462,2019-08-07,4707006,https://ssl.pstatic.net/imgmovie/mdi/mit110/1785/178526_P39_141329.jpg,"사극,액션,드라마","임무는 단 하나! 달리고 달려, 일본군을 죽음의 골짜기로 유인하라!","1919년 3.1운동 이후 봉오동 일대에서 독립군의 무장항쟁이 활발해진다.  일본은 신식 무기로 무장한 월강추격대를 필두로 독립군 토벌 작전을 시작하고, 독립군은 불리한 상황을 이겨내기 위해 봉오동 지형을 활용하기로 한다.  항일대도를 휘두르는 비범한 칼솜씨의 해철(유해진)과 발 빠른 독립군 분대장 장하(류준열) 그리고 해철의 오른팔이자 날쌘 저격수 병구(조우진)는 빗발치는 총탄과 포위망을 뚫고 죽음의 골짜기로 일본군을 유인한다.  계곡과 능선을 넘나들며 귀신같은 움직임과 예측할 수 없는 지략을 펼치는 독립군의 활약에 일본군은 당황하기 시작하는데...  1920년 6월, 역사에 기록된 독립군의 첫 승리 봉오동 죽음의 골짜기에 묻혔던 이야기가 지금부터 시작된다."
20190826~20190901,광대들: 풍문조작단,7,20185985,2019-08-21,597425,https://ssl.pstatic.net/imgmovie/mdi/mit110/1676/167653_P58_145534.jpg,사극,"세조 실록에 기록된 40여건의 기이한 현상,
그 뒤에는 바로 광대들이 있었다?!","조선 팔도를 무대로 풍문을 조작하고 민심을 뒤흔드는 광대패 5인방. 어느 날 조선 최고의 권력자 ‘한명회’로부터  조카를 죽이고 왕이 된 ‘세조’의 미담을 만들어내라는 명을 받는다.   광대패의 리더 ‘덕호’와 무리들은 목숨을 걸고  지금껏 듣지도 보지도 못한 놀라운 판을 짜기 시작하는데…  그들이 뜨는 순간, 역사가 뒤바뀐다!"
20190826~20190901,안나,8,20194384,2019-08-28,73250,https://ssl.pstatic.net/imgmovie/mdi/mit110/1854/185413_P01_161131.jpg,액션,,"중년의 미혼모인 안나는 전쟁으로 폐허가 된 동부 우크라이나의 작은 공업도시에 산다. 오랫동안 외출도 하지 않고 살던 안나는 한 라디오 광고에 이끌려 외국 관광객들과의 짝짓기 파티에 참석하게 된다.
 
 [제17회 아시아나국제단편영화제]"
20190826~20190901,커런트 워,9,20171021,2019-08-22,194259,,드라마,,
20190826~20190901,레드슈즈,10,20198323,2019-07-25,786502,https://ssl.pstatic.net/imgmovie/mdi/mit110/1649/164907_P27_114523.jpg,"애니메이션,코미디,판타지,어드벤처,멜로/로맨스",,"사건 사고가 끊이지 않는 동화의 섬. 사라진 아빠를 찾던 화이트 왕국의 공주는
 우연히 마법구두를 신고 이전과 완벽하게 다른 ‘레드슈즈’로 거듭난다.
 한편, 초록색 난쟁이가 된 일곱 왕자들은 우연히 자신들의 집에 머물게 된 '레드슈즈’가
 저주를 풀 유일한 희망이라 생각해 그녀를 돕기 시작하고, 영원한 아름다움을 꿈꾸는 왕비 ‘레지나’는
 마법구두를 신고 성을 빠져나간 ‘레드슈즈’를 쫓기 시작하는데…
 
 위기에 빠진 동화의 섬, 
 레드슈즈, 그리고 일곱 왕자들의 운명은?"
20190819~20190825,분노의 질주: 홉스&쇼,1,20196850,2019-08-14,2965558,,액션,,
20190819~20190825,엑시트,2,20184621,2019-07-31,8351414,https://ssl.pstatic.net/imgmovie/mdi/mit110/1749/174903_P56_101925.jpg,"코미디,액션","짠내 폭발 청년백수, 전대미문의 진짜 재난을 만나다!","대학교 산악 동아리 에이스 출신이지만 졸업 후 몇 년째 취업 실패로 눈칫밥만 먹는 용남은 온 가족이 참석한 어머니의 칠순 잔치에서 연회장 직원으로 취업한 동아리 후배 의주를 만난다 어색한 재회도 잠시, 칠순 잔치가 무르익던 중 의문의 연기가 빌딩에서 피어 오르며 피할 새도 없이 순식간에 도심 전체는 유독가스로 뒤덮여 일대혼란에 휩싸이게 된다. 용남과 의주는 산악 동아리 시절 쌓아 뒀던 모든 체력과 스킬을 동원해 탈출을 향한 기지를 발휘하기 시작하는데…"
20190819~20190825,변신,3,20184543,2019-08-21,768998,https://ssl.pstatic.net/imgmovie/mdi/mit110/1803/180351_P52_141008.jpg,"공포(호러),스릴러",“어제 밤에는 아빠가 두 명이었어요”,사람의 모습으로 변신하는 악마가 우리 가족 안에 숨어들면서 기이하고 섬뜩한 사건들이 벌어진다 서로 의심하고 증오하고 분노하는 가운데 구마 사제인 삼촌 '중수'가 예고없이 찾아오는데…  절대 믿지도 듣지도 마라
20190819~20190825,봉오동 전투,4,20184462,2019-08-07,4506635,https://ssl.pstatic.net/imgmovie/mdi/mit110/1785/178526_P39_141329.jpg,"사극,액션,드라마","임무는 단 하나! 달리고 달려, 일본군을 죽음의 골짜기로 유인하라!","1919년 3.1운동 이후 봉오동 일대에서 독립군의 무장항쟁이 활발해진다.  일본은 신식 무기로 무장한 월강추격대를 필두로 독립군 토벌 작전을 시작하고, 독립군은 불리한 상황을 이겨내기 위해 봉오동 지형을 활용하기로 한다.  항일대도를 휘두르는 비범한 칼솜씨의 해철(유해진)과 발 빠른 독립군 분대장 장하(류준열) 그리고 해철의 오른팔이자 날쌘 저격수 병구(조우진)는 빗발치는 총탄과 포위망을 뚫고 죽음의 골짜기로 일본군을 유인한다.  계곡과 능선을 넘나들며 귀신같은 움직임과 예측할 수 없는 지략을 펼치는 독립군의 활약에 일본군은 당황하기 시작하는데...  1920년 6월, 역사에 기록된 독립군의 첫 승리 봉오동 죽음의 골짜기에 묻혔던 이야기가 지금부터 시작된다."
20190819~20190825,광대들: 풍문조작단,5,20185985,2019-08-21,433419,https://ssl.pstatic.net/imgmovie/mdi/mit110/1676/167653_P58_145534.jpg,사극,"세조 실록에 기록된 40여건의 기이한 현상,
그 뒤에는 바로 광대들이 있었다?!","조선 팔도를 무대로 풍문을 조작하고 민심을 뒤흔드는 광대패 5인방. 어느 날 조선 최고의 권력자 ‘한명회’로부터  조카를 죽이고 왕이 된 ‘세조’의 미담을 만들어내라는 명을 받는다.   광대패의 리더 ‘덕호’와 무리들은 목숨을 걸고  지금껏 듣지도 보지도 못한 놀라운 판을 짜기 시작하는데…  그들이 뜨는 순간, 역사가 뒤바뀐다!"
20190819~20190825,커런트 워,6,20171021,2019-08-22,131202,,드라마,,
20190819~20190825,"안녕, 티라노: 영원히, 함께",7,20182241,2019-08-14,189725,,애니메이션,,
20190819~20190825,마이펫의 이중생활 2,8,20183844,2019-07-31,1100521,,"애니메이션,어드벤처,코미디",,
20190819~20190825,애프터,9,20191604,2019-08-22,37839,https://ssl.pstatic.net/imgmovie/mdi/mit110/1816/181694_P12_100024.jpg,"드라마,멜로/로맨스",,"첫 끌림
 대학 입학 후 첫 파티에 초대 받게 된 신입생 ‘테사’는
 진실게임을 하던 중 키스 벌칙에 걸리고 만다.
 상대는 학교에서 유명한 반항아 ‘하딘’.
 키스를 앞둔 0.1초 전, 모두가 주목하는 그 순간
 ‘테사’는 ‘하딘’의 입술을 거절하고 만다.
 
 첫 사랑
 강렬했던 첫 만남 이후, 마치 새로운 세상을 발견한 듯
 한번도 경험한 적 없던 감정에 눈을 뜨게 된 두 사람.
 ‘하딘’은 자신의 비밀 장소로 ‘테사’를 초대하고
 이제 두 사람은 서로를 모르기 전으로 절대 되돌아 갈 수 없음을 알게 되는데…
 
 첫 경험 그리고 <애프터>"
20190819~20190825,레드슈즈,10,20198323,2019-07-25,762734,https://ssl.pstatic.net/imgmovie/mdi/mit110/1649/164907_P27_114523.jpg,"애니메이션,코미디,판타지,어드벤처,멜로/로맨스",,"사건 사고가 끊이지 않는 동화의 섬. 사라진 아빠를 찾던 화이트 왕국의 공주는
 우연히 마법구두를 신고 이전과 완벽하게 다른 ‘레드슈즈’로 거듭난다.
 한편, 초록색 난쟁이가 된 일곱 왕자들은 우연히 자신들의 집에 머물게 된 '레드슈즈’가
 저주를 풀 유일한 희망이라 생각해 그녀를 돕기 시작하고, 영원한 아름다움을 꿈꾸는 왕비 ‘레지나’는
 마법구두를 신고 성을 빠져나간 ‘레드슈즈’를 쫓기 시작하는데…
 
 위기에 빠진 동화의 섬, 
 레드슈즈, 그리고 일곱 왕자들의 운명은?"
20190812~20190818,분노의 질주: 홉스&쇼,1,20196850,2019-08-14,2030128,,액션,,
20190812~20190818,봉오동 전투,2,20184462,2019-08-07,3939974,https://ssl.pstatic.net/imgmovie/mdi/mit110/1785/178526_P39_141329.jpg,"사극,액션,드라마","임무는 단 하나! 달리고 달려, 일본군을 죽음의 골짜기로 유인하라!","1919년 3.1운동 이후 봉오동 일대에서 독립군의 무장항쟁이 활발해진다.  일본은 신식 무기로 무장한 월강추격대를 필두로 독립군 토벌 작전을 시작하고, 독립군은 불리한 상황을 이겨내기 위해 봉오동 지형을 활용하기로 한다.  항일대도를 휘두르는 비범한 칼솜씨의 해철(유해진)과 발 빠른 독립군 분대장 장하(류준열) 그리고 해철의 오른팔이자 날쌘 저격수 병구(조우진)는 빗발치는 총탄과 포위망을 뚫고 죽음의 골짜기로 일본군을 유인한다.  계곡과 능선을 넘나들며 귀신같은 움직임과 예측할 수 없는 지략을 펼치는 독립군의 활약에 일본군은 당황하기 시작하는데...  1920년 6월, 역사에 기록된 독립군의 첫 승리 봉오동 죽음의 골짜기에 묻혔던 이야기가 지금부터 시작된다."
20190812~20190818,엑시트,3,20184621,2019-07-31,7548770,https://ssl.pstatic.net/imgmovie/mdi/mit110/1749/174903_P56_101925.jpg,"코미디,액션","짠내 폭발 청년백수, 전대미문의 진짜 재난을 만나다!","대학교 산악 동아리 에이스 출신이지만 졸업 후 몇 년째 취업 실패로 눈칫밥만 먹는 용남은 온 가족이 참석한 어머니의 칠순 잔치에서 연회장 직원으로 취업한 동아리 후배 의주를 만난다 어색한 재회도 잠시, 칠순 잔치가 무르익던 중 의문의 연기가 빌딩에서 피어 오르며 피할 새도 없이 순식간에 도심 전체는 유독가스로 뒤덮여 일대혼란에 휩싸이게 된다. 용남과 의주는 산악 동아리 시절 쌓아 뒀던 모든 체력과 스킬을 동원해 탈출을 향한 기지를 발휘하기 시작하는데…"
20190812~20190818,"안녕, 티라노: 영원히, 함께",4,20182241,2019-08-14,145126,,애니메이션,,
20190812~20190818,마이펫의 이중생활 2,5,20183844,2019-07-31,1061589,,"애니메이션,어드벤처,코미디",,
20190812~20190818,암전,6,20188404,2019-08-15,85378,,"미스터리,공포(호러)",,
20190812~20190818,사자,7,20180442,2019-07-31,1602046,https://ssl.pstatic.net/imgmovie/mdi/mit110/1785/178544_P17_104316.jpg,"미스터리,액션,판타지,공포(호러)",,"어릴 적 아버지를 잃은 뒤 세상에 대한 불신만 남은 격투기 챔피언 ‘용후’(박서준).  어느 날 원인을 알 수 없는 깊은 상처가 손바닥에 생긴 것을 발견하고, 도움을 줄 누군가가 있다는 장소로 향한다. 그곳에서 바티칸에서 온 구마사제 ‘안신부’(안성기)를 만나   자신의 상처 난 손에 특별한 힘이 있음을 깨닫게 되는 ‘용후’.  이를 통해 세상을 혼란에 빠뜨리는 악(惡)의 존재를 알게 되고, 강력한 배후이자 악을 퍼뜨리는 검은 주교 ‘지신’(우도환)을 찾아 나선 ‘안신부’와 함께 하게 되는데...!  악의 편에 설 것인가  악에 맞설 것인가  신의 사자가 온다!"
20190812~20190818,원더랜드,8,20187959,2019-08-14,73851,https://ssl.pstatic.net/imgmovie/mdi/mit110/1680/168086_P01_105302.jpg,"애니메이션,코미디,어드벤처,가족",호기심 대장 ‘준’과 동물 친구들의 신나는 모험이 시작된다!,어릴 적부터 엄마와 함께 자신만의 테마파크를 만드는 것이 취미인 장난기 많고 상상력 풍부한 소녀 ‘준’은 어느 날 숲속에서 길을 잃고 헤매다 상상 속에서만 그리던 ‘원더랜드’를 발견하게 되는데...!
20190812~20190818,레드슈즈,9,20198323,2019-07-25,731379,https://ssl.pstatic.net/imgmovie/mdi/mit110/1649/164907_P27_114523.jpg,"애니메이션,코미디,판타지,어드벤처,멜로/로맨스",,"사건 사고가 끊이지 않는 동화의 섬. 사라진 아빠를 찾던 화이트 왕국의 공주는
 우연히 마법구두를 신고 이전과 완벽하게 다른 ‘레드슈즈’로 거듭난다.
 한편, 초록색 난쟁이가 된 일곱 왕자들은 우연히 자신들의 집에 머물게 된 '레드슈즈’가
 저주를 풀 유일한 희망이라 생각해 그녀를 돕기 시작하고, 영원한 아름다움을 꿈꾸는 왕비 ‘레지나’는
 마법구두를 신고 성을 빠져나간 ‘레드슈즈’를 쫓기 시작하는데…
 
 위기에 빠진 동화의 섬, 
 레드슈즈, 그리고 일곱 왕자들의 운명은?"
20190812~20190818,알라딘,10,20183867,2019-05-23,12501428,https://ssl.pstatic.net/imgmovie/mdi/mit110/1637/163788_P18_105943.jpg,"어드벤처,가족,판타지",,"머나먼 사막 속 신비의 아그라바 왕국의 시대.
 좀도둑 ‘알라딘’은 마법사 ‘자파’의 의뢰로 마법 램프를 찾아 나섰다가
 주인에게 세 가지 소원을 들어주는 지니를 만나게 되고,
 자스민 공주의 마음을 얻으려다 생각도 못했던 모험에 휘말리게 되는데…"
20190805~20190811,엑시트,1,20184621,2019-07-31,5778529,https://ssl.pstatic.net/imgmovie/mdi/mit110/1749/174903_P56_101925.jpg,"코미디,액션","짠내 폭발 청년백수, 전대미문의 진짜 재난을 만나다!","대학교 산악 동아리 에이스 출신이지만 졸업 후 몇 년째 취업 실패로 눈칫밥만 먹는 용남은 온 가족이 참석한 어머니의 칠순 잔치에서 연회장 직원으로 취업한 동아리 후배 의주를 만난다 어색한 재회도 잠시, 칠순 잔치가 무르익던 중 의문의 연기가 빌딩에서 피어 오르며 피할 새도 없이 순식간에 도심 전체는 유독가스로 뒤덮여 일대혼란에 휩싸이게 된다. 용남과 의주는 산악 동아리 시절 쌓아 뒀던 모든 체력과 스킬을 동원해 탈출을 향한 기지를 발휘하기 시작하는데…"
20190805~20190811,봉오동 전투,2,20184462,2019-08-07,2032319,https://ssl.pstatic.net/imgmovie/mdi/mit110/1785/178526_P39_141329.jpg,"사극,액션,드라마","임무는 단 하나! 달리고 달려, 일본군을 죽음의 골짜기로 유인하라!","1919년 3.1운동 이후 봉오동 일대에서 독립군의 무장항쟁이 활발해진다.  일본은 신식 무기로 무장한 월강추격대를 필두로 독립군 토벌 작전을 시작하고, 독립군은 불리한 상황을 이겨내기 위해 봉오동 지형을 활용하기로 한다.  항일대도를 휘두르는 비범한 칼솜씨의 해철(유해진)과 발 빠른 독립군 분대장 장하(류준열) 그리고 해철의 오른팔이자 날쌘 저격수 병구(조우진)는 빗발치는 총탄과 포위망을 뚫고 죽음의 골짜기로 일본군을 유인한다.  계곡과 능선을 넘나들며 귀신같은 움직임과 예측할 수 없는 지략을 펼치는 독립군의 활약에 일본군은 당황하기 시작하는데...  1920년 6월, 역사에 기록된 독립군의 첫 승리 봉오동 죽음의 골짜기에 묻혔던 이야기가 지금부터 시작된다."
20190805~20190811,사자,3,20180442,2019-07-31,1527726,https://ssl.pstatic.net/imgmovie/mdi/mit110/1785/178544_P17_104316.jpg,"미스터리,액션,판타지,공포(호러)",,"어릴 적 아버지를 잃은 뒤 세상에 대한 불신만 남은 격투기 챔피언 ‘용후’(박서준).  어느 날 원인을 알 수 없는 깊은 상처가 손바닥에 생긴 것을 발견하고, 도움을 줄 누군가가 있다는 장소로 향한다. 그곳에서 바티칸에서 온 구마사제 ‘안신부’(안성기)를 만나   자신의 상처 난 손에 특별한 힘이 있음을 깨닫게 되는 ‘용후’.  이를 통해 세상을 혼란에 빠뜨리는 악(惡)의 존재를 알게 되고, 강력한 배후이자 악을 퍼뜨리는 검은 주교 ‘지신’(우도환)을 찾아 나선 ‘안신부’와 함께 하게 되는데...!  악의 편에 설 것인가  악에 맞설 것인가  신의 사자가 온다!"
20190805~20190811,마이펫의 이중생활 2,4,20183844,2019-07-31,933513,,"애니메이션,어드벤처,코미디",,
20190805~20190811,브링 더 소울 : 더 무비,5,20193275,2019-08-07,274064,https://ssl.pstatic.net/imgmovie/mdi/mit110/1870/187051_P06_111618.jpg,기타,,"서울을 시작으로 북미와 유럽까지 LOVE YOURSELF 투어를 마친 방탄소년단!
 전세계의 팬들과 함께 호흡하고 열광했던 유럽에서의 콘서트가 파리를 마지막으로 끝났다.
 
 그리고 모든 긴장이 풀어진 다음날, 파리의 작은 루프탑 테이블에서 멤버와 팬들에게 
 하지 못했던 그들만의 이야기를 나누는 작은 뒤풀이가 시작된다.
 
 방탄소년단의 솔직담백한 이야기를 한 테이블에 둘러 앉아 들을 수 있는
 설렘 가득한 시간이 펼쳐진다."
20190805~20190811,알라딘,6,20183867,2019-05-23,12440282,https://ssl.pstatic.net/imgmovie/mdi/mit110/1637/163788_P18_105943.jpg,"어드벤처,가족,판타지",,"머나먼 사막 속 신비의 아그라바 왕국의 시대.
 좀도둑 ‘알라딘’은 마법사 ‘자파’의 의뢰로 마법 램프를 찾아 나섰다가
 주인에게 세 가지 소원을 들어주는 지니를 만나게 되고,
 자스민 공주의 마음을 얻으려다 생각도 못했던 모험에 휘말리게 되는데…"
20190805~20190811,라이온 킹,7,20175771,2019-07-17,4684247,https://ssl.pstatic.net/imgmovie/mdi/mit110/1696/169637_P24_102228.jpg,"어드벤처,드라마,가족","새로운 세상, 너의 시대가 올 것이다!","어린 사자 ‘심바’는 프라이드 랜드의 왕인 아버지 ‘무파사’를
 야심과 욕망이 가득한 삼촌 ‘스카’의 음모로 잃고 왕국에서도 쫓겨난다.
 
 기억해라! 네가 누군지.
 
 아버지의 죽음에 대한 죄책감에 시달리던 ‘심바’는
 의욕 충만한 친구들 ‘품바’와 ‘티몬’의 도움으로 희망을 되찾는다. 
 어느 날 우연히 옛 친구 ‘날라’를 만난 ‘심바’는 과거를 마주할 용기를 얻고, 
 진정한 자신의 모습을 찾아 위대하고도 험난한 도전을 떠나게 되는데…"
20190805~20190811,레드슈즈,8,20198323,2019-07-25,663766,https://ssl.pstatic.net/imgmovie/mdi/mit110/1649/164907_P27_114523.jpg,"애니메이션,코미디,판타지,어드벤처,멜로/로맨스",,"사건 사고가 끊이지 않는 동화의 섬. 사라진 아빠를 찾던 화이트 왕국의 공주는
 우연히 마법구두를 신고 이전과 완벽하게 다른 ‘레드슈즈’로 거듭난다.
 한편, 초록색 난쟁이가 된 일곱 왕자들은 우연히 자신들의 집에 머물게 된 '레드슈즈’가
 저주를 풀 유일한 희망이라 생각해 그녀를 돕기 시작하고, 영원한 아름다움을 꿈꾸는 왕비 ‘레지나’는
 마법구두를 신고 성을 빠져나간 ‘레드슈즈’를 쫓기 시작하는데…
 
 위기에 빠진 동화의 섬, 
 레드슈즈, 그리고 일곱 왕자들의 운명은?"
20190805~20190811,앵그리 버드 2: 독수리 왕국의 침공,9,20191741,2019-08-07,134529,https://ssl.pstatic.net/imgmovie/mdi/mit110/1675/167599_P27_175118.jpg,"애니메이션,액션","뭉치면 살고, 흩어지면 큰일난다!","호시탐탐 알을 탐내는 식신돼마왕 ‘레너드’를 물리치고
 아싸에서 인싸가 된 버드랜드의 악동 히어로 ‘레드’
 평생 앙숙인 이들에게 ‘공공의 적’이 나타났다!
 
 얼음 공격을 퍼붓는 이글랜드의 예민 보스
 ‘제타’에 맞서기 위해 한 팀으로 뭉친 그들!
 과연 이들의 연합 작전은 성공할 수 있을까?
 
 어제는 적! 오늘은 친구? 아슬아슬한 팀플레이가 시작된다!"
20190805~20190811,김복동,10,20190741,2019-08-08,29397,https://ssl.pstatic.net/imgmovie/mdi/mit110/1851/185131_P16_144239.jpg,다큐멘터리,"“나이는 구십넷, 이름은 김복동입니다""","일본의 사죄를 받기 위한 김복동 할머니의 27년 간의 기나긴 여정
 포기할 수 없고, 포기해서도 안 될 희망을 위한 싸움
 결코 잊어서는 안될, 아직 끝나지 않은 이야기
 “희망을 잡고 살자. 나는 희망을 잡고 살아”"
20190729~20190804,엑시트,1,20184621,2019-07-31,2960179,https://ssl.pstatic.net/imgmovie/mdi/mit110/1749/174903_P56_101925.jpg,"코미디,액션","짠내 폭발 청년백수, 전대미문의 진짜 재난을 만나다!","대학교 산악 동아리 에이스 출신이지만 졸업 후 몇 년째 취업 실패로 눈칫밥만 먹는 용남은 온 가족이 참석한 어머니의 칠순 잔치에서 연회장 직원으로 취업한 동아리 후배 의주를 만난다 어색한 재회도 잠시, 칠순 잔치가 무르익던 중 의문의 연기가 빌딩에서 피어 오르며 피할 새도 없이 순식간에 도심 전체는 유독가스로 뒤덮여 일대혼란에 휩싸이게 된다. 용남과 의주는 산악 동아리 시절 쌓아 뒀던 모든 체력과 스킬을 동원해 탈출을 향한 기지를 발휘하기 시작하는데…"
20190729~20190804,사자,2,20180442,2019-07-31,1166293,https://ssl.pstatic.net/imgmovie/mdi/mit110/1785/178544_P17_104316.jpg,"미스터리,액션,판타지,공포(호러)",,"어릴 적 아버지를 잃은 뒤 세상에 대한 불신만 남은 격투기 챔피언 ‘용후’(박서준).  어느 날 원인을 알 수 없는 깊은 상처가 손바닥에 생긴 것을 발견하고, 도움을 줄 누군가가 있다는 장소로 향한다. 그곳에서 바티칸에서 온 구마사제 ‘안신부’(안성기)를 만나   자신의 상처 난 손에 특별한 힘이 있음을 깨닫게 되는 ‘용후’.  이를 통해 세상을 혼란에 빠뜨리는 악(惡)의 존재를 알게 되고, 강력한 배후이자 악을 퍼뜨리는 검은 주교 ‘지신’(우도환)을 찾아 나선 ‘안신부’와 함께 하게 되는데...!  악의 편에 설 것인가  악에 맞설 것인가  신의 사자가 온다!"
20190729~20190804,라이온 킹,3,20175771,2019-07-17,4500194,https://ssl.pstatic.net/imgmovie/mdi/mit110/1696/169637_P24_102228.jpg,"어드벤처,드라마,가족","새로운 세상, 너의 시대가 올 것이다!","어린 사자 ‘심바’는 프라이드 랜드의 왕인 아버지 ‘무파사’를
 야심과 욕망이 가득한 삼촌 ‘스카’의 음모로 잃고 왕국에서도 쫓겨난다.
 
 기억해라! 네가 누군지.
 
 아버지의 죽음에 대한 죄책감에 시달리던 ‘심바’는
 의욕 충만한 친구들 ‘품바’와 ‘티몬’의 도움으로 희망을 되찾는다. 
 어느 날 우연히 옛 친구 ‘날라’를 만난 ‘심바’는 과거를 마주할 용기를 얻고, 
 진정한 자신의 모습을 찾아 위대하고도 험난한 도전을 떠나게 되는데…"
20190729~20190804,마이펫의 이중생활 2,4,20183844,2019-07-31,637941,,"애니메이션,어드벤처,코미디",,
20190729~20190804,알라딘,5,20183867,2019-05-23,12231054,https://ssl.pstatic.net/imgmovie/mdi/mit110/1637/163788_P18_105943.jpg,"어드벤처,가족,판타지",,"머나먼 사막 속 신비의 아그라바 왕국의 시대.
 좀도둑 ‘알라딘’은 마법사 ‘자파’의 의뢰로 마법 램프를 찾아 나섰다가
 주인에게 세 가지 소원을 들어주는 지니를 만나게 되고,
 자스민 공주의 마음을 얻으려다 생각도 못했던 모험에 휘말리게 되는데…"
20190729~20190804,레드슈즈,6,20198323,2019-07-25,527343,https://ssl.pstatic.net/imgmovie/mdi/mit110/1649/164907_P27_114523.jpg,"애니메이션,코미디,판타지,어드벤처,멜로/로맨스",,"사건 사고가 끊이지 않는 동화의 섬. 사라진 아빠를 찾던 화이트 왕국의 공주는
 우연히 마법구두를 신고 이전과 완벽하게 다른 ‘레드슈즈’로 거듭난다.
 한편, 초록색 난쟁이가 된 일곱 왕자들은 우연히 자신들의 집에 머물게 된 '레드슈즈’가
 저주를 풀 유일한 희망이라 생각해 그녀를 돕기 시작하고, 영원한 아름다움을 꿈꾸는 왕비 ‘레지나’는
 마법구두를 신고 성을 빠져나간 ‘레드슈즈’를 쫓기 시작하는데…
 
 위기에 빠진 동화의 섬, 
 레드슈즈, 그리고 일곱 왕자들의 운명은?"
20190729~20190804,나랏말싸미,7,20182490,2019-07-24,930998,https://ssl.pstatic.net/imgmovie/mdi/mit110/1736/173668_P65_112539.jpg,사극,"“이깟 문자, 주상 죽고 나면 시체와 함께 묻어버리면 그만이지”","문자와 지식을 권력으로 독점했던 시대 모든 신하들의 반대에 무릅쓰고, 훈민정음을 창제했던 세종의 마지막 8년. 나라의 가장 고귀한 임금 ‘세종’과 가장 천한 신분 스님 ‘신미’가 만나 백성을 위해 뜻을 모아 나라의 글자를 만들기 시작한다. 모두가 알고 있지만 아무도 모르는 한글 창제의 숨겨진 이야기!  1443, 불굴의 신념으로 한글을 만들었으나 역사에 기록되지 못한 그들의 이야기가 시작된다."
20190729~20190804,스파이더맨: 파 프롬 홈,8,20196309,2019-07-02,7996657,https://ssl.pstatic.net/imgmovie/mdi/mit110/1731/173123_P06_135928.jpg,"액션,어드벤처,코미디,SF",모든 것이 다시 시작된다!,"‘엔드게임’ 이후 변화된 세상,
 스파이더맨 ‘피터 파커’는 학교 친구들과 유럽 여행을 떠나게 된다.
 그런 그의 앞에 ‘닉 퓨리’가 등장해 도움을 요청하고
 정체불명의 조력자 ‘미스테리오’까지 합류하게 되면서
 전 세계를 위협하는 새로운 빌런 ‘엘리멘탈 크리쳐스’와 
 맞서야만 하는 상황에 놓이게 되는데…"
20190729~20190804,명탐정 코난: 감청의 권,9,20192725,2019-07-24,214485,https://ssl.pstatic.net/imgmovie/mdi/mit110/1820/182001_P11_173153.jpg,애니메이션,,"19세기말 해적선과 함께 싱가포르 인근 바다에 가라앉았다고 전해지는
 전설의 보물 블루 사파이어 ‘감청의 권’이 모습을 드러내던 날,
 마리나 베이 샌즈 호텔에서 살인사건이 발생하고
 현장에는 피로 물든 괴도 키드의 예고장만이 남겨져 있다.
 하지만 그것은 모두를 뒤흔들 함정!
 
 절체절명에 빠진 괴도 키드는 마법 같은 술수로 여권이 없는 코난을 싱가포르로 데려간다.
 마침 싱가포르에서 개최되는 쿄고쿠 마코토의 가라테 대회를 보기 위한 란과 소노코까지 모두가 모이게 되고…
 
 코난 X 괴도 키드 X 쿄고쿠 마코토, 블루 사파이어 ‘감청의 권’
 그리고 가장 소중한 것을 지키기 위한 세 사람의 피할 수 없는 대결이 시작된다!"
20190729~20190804,롱 샷,10,20190002,2019-07-24,184741,https://ssl.pstatic.net/imgmovie/mdi/mit110/1680/168092_P33_140246.jpg,코미디,어리다고 놀리지 말아요! 첫사랑 베이비시터 누나 ♥,"전직 기자 지금은 백수인 ‘프레드 플라스키’(세스 로건)는
 20년 만에 첫사랑 베이비시터 ‘샬롯 필드’(샤를리즈 테론)와 재회한다.
 
 그런데 그녀가!?
 미 최연소 국무 장관이자 세계에서 가장 영향력 있는 여성 중 한 명인 ‘샬롯’이
 바로 베이비시터 그녀라는 것은 믿기지 않지만 실화이다.
 
 인생에 공통점이라고는 1도 없는 두 사람.
 대선 후보로 출마를 준비 중인 ‘샬롯’은 모두의 예상을 깨고
 자신의 선거 캠페인 연설문 작가로 ‘프레드’를 고용한다.
 어디로 튈지 모르는 ‘프레드’ 때문에 선거 캠페인은 연일 비상인 가운데,
 뜻밖에 그의 스파크는 ‘샬롯’과의 로맨스로 튀어 버리는데...
 
 사고 치는데 천부적인 재능이 있는 남자,
 머리부터 발끝까지 완벽한 여자
 
 이 조합 실화?"
20190722~20190728,라이온 킹,1,20175771,2019-07-17,3706693,https://ssl.pstatic.net/imgmovie/mdi/mit110/1696/169637_P24_102228.jpg,"어드벤처,드라마,가족","새로운 세상, 너의 시대가 올 것이다!","어린 사자 ‘심바’는 프라이드 랜드의 왕인 아버지 ‘무파사’를
 야심과 욕망이 가득한 삼촌 ‘스카’의 음모로 잃고 왕국에서도 쫓겨난다.
 
 기억해라! 네가 누군지.
 
 아버지의 죽음에 대한 죄책감에 시달리던 ‘심바’는
 의욕 충만한 친구들 ‘품바’와 ‘티몬’의 도움으로 희망을 되찾는다. 
 어느 날 우연히 옛 친구 ‘날라’를 만난 ‘심바’는 과거를 마주할 용기를 얻고, 
 진정한 자신의 모습을 찾아 위대하고도 험난한 도전을 떠나게 되는데…"
20190722~20190728,나랏말싸미,2,20182490,2019-07-24,755446,https://ssl.pstatic.net/imgmovie/mdi/mit110/1736/173668_P65_112539.jpg,사극,"“이깟 문자, 주상 죽고 나면 시체와 함께 묻어버리면 그만이지”","문자와 지식을 권력으로 독점했던 시대 모든 신하들의 반대에 무릅쓰고, 훈민정음을 창제했던 세종의 마지막 8년. 나라의 가장 고귀한 임금 ‘세종’과 가장 천한 신분 스님 ‘신미’가 만나 백성을 위해 뜻을 모아 나라의 글자를 만들기 시작한다. 모두가 알고 있지만 아무도 모르는 한글 창제의 숨겨진 이야기!  1443, 불굴의 신념으로 한글을 만들었으나 역사에 기록되지 못한 그들의 이야기가 시작된다."
20190722~20190728,알라딘,3,20183867,2019-05-23,11661997,https://ssl.pstatic.net/imgmovie/mdi/mit110/1637/163788_P18_105943.jpg,"어드벤처,가족,판타지",,"머나먼 사막 속 신비의 아그라바 왕국의 시대.
 좀도둑 ‘알라딘’은 마법사 ‘자파’의 의뢰로 마법 램프를 찾아 나섰다가
 주인에게 세 가지 소원을 들어주는 지니를 만나게 되고,
 자스민 공주의 마음을 얻으려다 생각도 못했던 모험에 휘말리게 되는데…"
20190722~20190728,스파이더맨: 파 프롬 홈,4,20196309,2019-07-02,7872661,https://ssl.pstatic.net/imgmovie/mdi/mit110/1731/173123_P06_135928.jpg,"액션,어드벤처,코미디,SF",모든 것이 다시 시작된다!,"‘엔드게임’ 이후 변화된 세상,
 스파이더맨 ‘피터 파커’는 학교 친구들과 유럽 여행을 떠나게 된다.
 그런 그의 앞에 ‘닉 퓨리’가 등장해 도움을 요청하고
 정체불명의 조력자 ‘미스테리오’까지 합류하게 되면서
 전 세계를 위협하는 새로운 빌런 ‘엘리멘탈 크리쳐스’와 
 맞서야만 하는 상황에 놓이게 되는데…"
20190722~20190728,레드슈즈,5,20198323,2019-07-25,209750,https://ssl.pstatic.net/imgmovie/mdi/mit110/1649/164907_P27_114523.jpg,"애니메이션,코미디,판타지,어드벤처,멜로/로맨스",,"사건 사고가 끊이지 않는 동화의 섬. 사라진 아빠를 찾던 화이트 왕국의 공주는
 우연히 마법구두를 신고 이전과 완벽하게 다른 ‘레드슈즈’로 거듭난다.
 한편, 초록색 난쟁이가 된 일곱 왕자들은 우연히 자신들의 집에 머물게 된 '레드슈즈’가
 저주를 풀 유일한 희망이라 생각해 그녀를 돕기 시작하고, 영원한 아름다움을 꿈꾸는 왕비 ‘레지나’는
 마법구두를 신고 성을 빠져나간 ‘레드슈즈’를 쫓기 시작하는데…
 
 위기에 빠진 동화의 섬, 
 레드슈즈, 그리고 일곱 왕자들의 운명은?"
20190722~20190728,명탐정 코난: 감청의 권,6,20192725,2019-07-24,167765,https://ssl.pstatic.net/imgmovie/mdi/mit110/1820/182001_P11_173153.jpg,애니메이션,,"19세기말 해적선과 함께 싱가포르 인근 바다에 가라앉았다고 전해지는
 전설의 보물 블루 사파이어 ‘감청의 권’이 모습을 드러내던 날,
 마리나 베이 샌즈 호텔에서 살인사건이 발생하고
 현장에는 피로 물든 괴도 키드의 예고장만이 남겨져 있다.
 하지만 그것은 모두를 뒤흔들 함정!
 
 절체절명에 빠진 괴도 키드는 마법 같은 술수로 여권이 없는 코난을 싱가포르로 데려간다.
 마침 싱가포르에서 개최되는 쿄고쿠 마코토의 가라테 대회를 보기 위한 란과 소노코까지 모두가 모이게 되고…
 
 코난 X 괴도 키드 X 쿄고쿠 마코토, 블루 사파이어 ‘감청의 권’
 그리고 가장 소중한 것을 지키기 위한 세 사람의 피할 수 없는 대결이 시작된다!"
20190722~20190728,롱 샷,7,20190002,2019-07-24,142784,https://ssl.pstatic.net/imgmovie/mdi/mit110/1680/168092_P33_140246.jpg,코미디,어리다고 놀리지 말아요! 첫사랑 베이비시터 누나 ♥,"전직 기자 지금은 백수인 ‘프레드 플라스키’(세스 로건)는
 20년 만에 첫사랑 베이비시터 ‘샬롯 필드’(샤를리즈 테론)와 재회한다.
 
 그런데 그녀가!?
 미 최연소 국무 장관이자 세계에서 가장 영향력 있는 여성 중 한 명인 ‘샬롯’이
 바로 베이비시터 그녀라는 것은 믿기지 않지만 실화이다.
 
 인생에 공통점이라고는 1도 없는 두 사람.
 대선 후보로 출마를 준비 중인 ‘샬롯’은 모두의 예상을 깨고
 자신의 선거 캠페인 연설문 작가로 ‘프레드’를 고용한다.
 어디로 튈지 모르는 ‘프레드’ 때문에 선거 캠페인은 연일 비상인 가운데,
 뜻밖에 그의 스파크는 ‘샬롯’과의 로맨스로 튀어 버리는데...
 
 사고 치는데 천부적인 재능이 있는 남자,
 머리부터 발끝까지 완벽한 여자
 
 이 조합 실화?"
20190722~20190728,토이 스토리 4,8,20184047,2019-06-20,3355808,https://ssl.pstatic.net/imgmovie/mdi/mit110/1019/101966_P09_114632.jpg,"애니메이션,어드벤처,코미디",우리의 여행은 아직 끝나지 않았다!,"장난감의 운명을 거부하고 떠난 새 친구 ‘포키’를 찾기 위해 길 위에 나선 ‘우디’는 우연히 오랜 친구 ‘보핍’을 만나고 그녀를 통해 새로운 세상에 눈을 뜨게 된다. 한편, ‘버즈’와 친구들은 사라진 ‘우디’와 ‘포키’를 찾아 세상 밖 위험천만한 모험을 떠나게 되는데…"
20190722~20190728,기생충,9,20183782,2019-05-30,10041845,https://ssl.pstatic.net/imgmovie/mdi/mit110/1619/161967_P80_151640.jpg,드라마,“폐 끼치고 싶진 않았어요”,"전원백수로 살 길 막막하지만 사이는 좋은 기택(송강호) 가족. 장남 기우(최우식)에게 명문대생 친구가 연결시켜 준 고액 과외 자리는 모처럼 싹튼 고정수입의 희망이다. 온 가족의 도움과 기대 속에 박사장(이선균) 집으로 향하는 기우. 글로벌 IT기업 CEO인 박사장의 저택에 도착하자 젊고 아름다운 사모님 연교(조여정)가 기우를 맞이한다.  그러나 이렇게 시작된 두 가족의 만남 뒤로, 걷잡을 수 없는 사건이 기다리고 있었으니…"
20190722~20190728,사자,10,20180442,2019-07-31,16319,https://ssl.pstatic.net/imgmovie/mdi/mit110/1785/178544_P17_104316.jpg,"미스터리,액션,판타지,공포(호러)",,"어릴 적 아버지를 잃은 뒤 세상에 대한 불신만 남은 격투기 챔피언 ‘용후’(박서준).  어느 날 원인을 알 수 없는 깊은 상처가 손바닥에 생긴 것을 발견하고, 도움을 줄 누군가가 있다는 장소로 향한다. 그곳에서 바티칸에서 온 구마사제 ‘안신부’(안성기)를 만나   자신의 상처 난 손에 특별한 힘이 있음을 깨닫게 되는 ‘용후’.  이를 통해 세상을 혼란에 빠뜨리는 악(惡)의 존재를 알게 되고, 강력한 배후이자 악을 퍼뜨리는 검은 주교 ‘지신’(우도환)을 찾아 나선 ‘안신부’와 함께 하게 되는데...!  악의 편에 설 것인가  악에 맞설 것인가  신의 사자가 온다!"
20190715~20190721,라이온 킹,1,20175771,2019-07-17,2275556,https://ssl.pstatic.net/imgmovie/mdi/mit110/1696/169637_P24_102228.jpg,"어드벤처,드라마,가족","새로운 세상, 너의 시대가 올 것이다!","어린 사자 ‘심바’는 프라이드 랜드의 왕인 아버지 ‘무파사’를
 야심과 욕망이 가득한 삼촌 ‘스카’의 음모로 잃고 왕국에서도 쫓겨난다.
 
 기억해라! 네가 누군지.
 
 아버지의 죽음에 대한 죄책감에 시달리던 ‘심바’는
 의욕 충만한 친구들 ‘품바’와 ‘티몬’의 도움으로 희망을 되찾는다. 
 어느 날 우연히 옛 친구 ‘날라’를 만난 ‘심바’는 과거를 마주할 용기를 얻고, 
 진정한 자신의 모습을 찾아 위대하고도 험난한 도전을 떠나게 되는데…"
20190715~20190721,스파이더맨: 파 프롬 홈,2,20196309,2019-07-02,7499030,https://ssl.pstatic.net/imgmovie/mdi/mit110/1731/173123_P06_135928.jpg,"액션,어드벤처,코미디,SF",모든 것이 다시 시작된다!,"‘엔드게임’ 이후 변화된 세상,
 스파이더맨 ‘피터 파커’는 학교 친구들과 유럽 여행을 떠나게 된다.
 그런 그의 앞에 ‘닉 퓨리’가 등장해 도움을 요청하고
 정체불명의 조력자 ‘미스테리오’까지 합류하게 되면서
 전 세계를 위협하는 새로운 빌런 ‘엘리멘탈 크리쳐스’와 
 맞서야만 하는 상황에 놓이게 되는데…"
20190715~20190721,알라딘,3,20183867,2019-05-23,10943500,https://ssl.pstatic.net/imgmovie/mdi/mit110/1637/163788_P18_105943.jpg,"어드벤처,가족,판타지",,"머나먼 사막 속 신비의 아그라바 왕국의 시대.
 좀도둑 ‘알라딘’은 마법사 ‘자파’의 의뢰로 마법 램프를 찾아 나섰다가
 주인에게 세 가지 소원을 들어주는 지니를 만나게 되고,
 자스민 공주의 마음을 얻으려다 생각도 못했던 모험에 휘말리게 되는데…"
20190715~20190721,토이 스토리 4,4,20184047,2019-06-20,3288383,https://ssl.pstatic.net/imgmovie/mdi/mit110/1019/101966_P09_114632.jpg,"애니메이션,어드벤처,코미디",우리의 여행은 아직 끝나지 않았다!,"장난감의 운명을 거부하고 떠난 새 친구 ‘포키’를 찾기 위해 길 위에 나선 ‘우디’는 우연히 오랜 친구 ‘보핍’을 만나고 그녀를 통해 새로운 세상에 눈을 뜨게 된다. 한편, ‘버즈’와 친구들은 사라진 ‘우디’와 ‘포키’를 찾아 세상 밖 위험천만한 모험을 떠나게 되는데…"
20190715~20190721,기생충,5,20183782,2019-05-30,10001320,https://ssl.pstatic.net/imgmovie/mdi/mit110/1619/161967_P80_151640.jpg,드라마,“폐 끼치고 싶진 않았어요”,"전원백수로 살 길 막막하지만 사이는 좋은 기택(송강호) 가족. 장남 기우(최우식)에게 명문대생 친구가 연결시켜 준 고액 과외 자리는 모처럼 싹튼 고정수입의 희망이다. 온 가족의 도움과 기대 속에 박사장(이선균) 집으로 향하는 기우. 글로벌 IT기업 CEO인 박사장의 저택에 도착하자 젊고 아름다운 사모님 연교(조여정)가 기우를 맞이한다.  그러나 이렇게 시작된 두 가족의 만남 뒤로, 걷잡을 수 없는 사건이 기다리고 있었으니…"
20190715~20190721,기방도령,6,20185353,2019-07-10,278008,https://ssl.pstatic.net/imgmovie/mdi/mit110/1802/180209_P42_134851.jpg,"코미디,사극","불경기 조선, 폐업 위기 연풍각을 살려야 한다!","""기왕지사 이리 된 김에 사업을 해보는 게 어떻겠소?  내가 기생이 되겠단 말입니다!""  수려한 용모와 뛰어난 기예, 여심을 꿰뚫어 보는 타고난 천성의 꽃도령 ‘허색’. 그는 자신이 나고 자란 기방 ‘연풍각’이 폐업 위기에 처하자 조선 최초의 남자 기생이 되기로 결심한다.  기방결의로 맺어진 25세 괴짜 도인 ‘육갑’과 함께 기획부터 홍보까지 환상의 호흡을 자랑하며 단숨에 조선 최고의 여심스틸러로 등극한 ‘허색’.  입소문이 번지며 조선 사대부 여인들의 마음이 두근거리기 시작한다.   그러나, 승승장구한 것도 잠시 예기치 못한 인물의 등장으로 잘 나가던 ‘허색’의 사업은 삐거덕거리기 시작하는데…"
20190715~20190721,진범,7,20185986,2019-07-10,157393,,스릴러,,
20190715~20190721,사일런스,8,20192222,2019-07-17,43202,https://ssl.pstatic.net/imgmovie/mdi/mit110/1799/179973_P08_102347.jpg,"공포(호러),스릴러",“이것은 시작에 관한 이야기다”,"갑자기 알 수 없는 존재가 세상의 모든 소리를 집어 삼키고, 소리 내는 모든 인류는 공격을 당한다.
 청력을 잃은 소녀와 가족들만이 소리 없이 대화할 수 있는 그들만의 방법으로 살아남아 마지막 사투를 벌이게 되는데…
 
 공포가 들리는 순간, 거대한 재앙이 시작된다."
20190715~20190721,극장판 엉덩이 탐정: 화려한 사건 수첩,9,20191601,2019-07-11,127100,https://ssl.pstatic.net/imgmovie/mdi/mit110/1837/183783_P16_105340.jpg,애니메이션,,"평화로운 오후의 찻집, 엉덩이 탐정과 조수 브라운이 티타임을 즐기고 있을 때, 
 큰 쇼핑백을 든 뿌우람 씨가 들어온다. 
 마을에 새롭게 오픈하는 카레 가게의 사장인 뿌우람 씨는 
 카레 요리에 빠지면 안 되는 중요한 향신료 ‘알알살라’가 사라진 것을 알게 된다!
 “그게 없으면 카레를 만들 수 없어. 가게를 열 수 없어!” 
 충격으로 쓰러진 뿌우람 씨를 보고 엉덩이 탐정이 일어난다. 
 “저에게 맡겨 주십시오!”
 과연 엉덩이 탐정은 ‘화려한’ 추리로 사라진 향신료의 수수께끼에 다가설 수 있을까?
 
 <뿡뿡! 보라 부인의 암호 사건>도 함께 만나요!"
20190715~20190721,미드소마,10,20192151,2019-07-11,69036,https://ssl.pstatic.net/imgmovie/mdi/mit110/1820/182014_P36_101012.jpg,공포(호러),"당신의 감각을 마비시킬 공포!
축제가 끝나기 전까진 빠져나올 수 없다","90년에 한 번, 9일 동안 열리는 미드소마에 초대된 6명의 친구들
 선택된 자만이 즐길 수 있는 충격과 공포의 축제가 다시 시작된다"
20190708~20190714,스파이더맨: 파 프롬 홈,1,20196309,2019-07-02,6685837,https://ssl.pstatic.net/imgmovie/mdi/mit110/1731/173123_P06_135928.jpg,"액션,어드벤처,코미디,SF",모든 것이 다시 시작된다!,"‘엔드게임’ 이후 변화된 세상,
 스파이더맨 ‘피터 파커’는 학교 친구들과 유럽 여행을 떠나게 된다.
 그런 그의 앞에 ‘닉 퓨리’가 등장해 도움을 요청하고
 정체불명의 조력자 ‘미스테리오’까지 합류하게 되면서
 전 세계를 위협하는 새로운 빌런 ‘엘리멘탈 크리쳐스’와 
 맞서야만 하는 상황에 놓이게 되는데…"
20190708~20190714,알라딘,2,20183867,2019-05-23,10161314,https://ssl.pstatic.net/imgmovie/mdi/mit110/1637/163788_P18_105943.jpg,"어드벤처,가족,판타지",,"머나먼 사막 속 신비의 아그라바 왕국의 시대.
 좀도둑 ‘알라딘’은 마법사 ‘자파’의 의뢰로 마법 램프를 찾아 나섰다가
 주인에게 세 가지 소원을 들어주는 지니를 만나게 되고,
 자스민 공주의 마음을 얻으려다 생각도 못했던 모험에 휘말리게 되는데…"
20190708~20190714,토이 스토리 4,3,20184047,2019-06-20,3151325,https://ssl.pstatic.net/imgmovie/mdi/mit110/1019/101966_P09_114632.jpg,"애니메이션,어드벤처,코미디",우리의 여행은 아직 끝나지 않았다!,"장난감의 운명을 거부하고 떠난 새 친구 ‘포키’를 찾기 위해 길 위에 나선 ‘우디’는 우연히 오랜 친구 ‘보핍’을 만나고 그녀를 통해 새로운 세상에 눈을 뜨게 된다. 한편, ‘버즈’와 친구들은 사라진 ‘우디’와 ‘포키’를 찾아 세상 밖 위험천만한 모험을 떠나게 되는데…"
20190708~20190714,기방도령,4,20185353,2019-07-10,220182,https://ssl.pstatic.net/imgmovie/mdi/mit110/1802/180209_P42_134851.jpg,"코미디,사극","불경기 조선, 폐업 위기 연풍각을 살려야 한다!","""기왕지사 이리 된 김에 사업을 해보는 게 어떻겠소?  내가 기생이 되겠단 말입니다!""  수려한 용모와 뛰어난 기예, 여심을 꿰뚫어 보는 타고난 천성의 꽃도령 ‘허색’. 그는 자신이 나고 자란 기방 ‘연풍각’이 폐업 위기에 처하자 조선 최초의 남자 기생이 되기로 결심한다.  기방결의로 맺어진 25세 괴짜 도인 ‘육갑’과 함께 기획부터 홍보까지 환상의 호흡을 자랑하며 단숨에 조선 최고의 여심스틸러로 등극한 ‘허색’.  입소문이 번지며 조선 사대부 여인들의 마음이 두근거리기 시작한다.   그러나, 승승장구한 것도 잠시 예기치 못한 인물의 등장으로 잘 나가던 ‘허색’의 사업은 삐거덕거리기 시작하는데…"
20190708~20190714,기생충,5,20183782,2019-05-30,9921312,https://ssl.pstatic.net/imgmovie/mdi/mit110/1619/161967_P80_151640.jpg,드라마,“폐 끼치고 싶진 않았어요”,"전원백수로 살 길 막막하지만 사이는 좋은 기택(송강호) 가족. 장남 기우(최우식)에게 명문대생 친구가 연결시켜 준 고액 과외 자리는 모처럼 싹튼 고정수입의 희망이다. 온 가족의 도움과 기대 속에 박사장(이선균) 집으로 향하는 기우. 글로벌 IT기업 CEO인 박사장의 저택에 도착하자 젊고 아름다운 사모님 연교(조여정)가 기우를 맞이한다.  그러나 이렇게 시작된 두 가족의 만남 뒤로, 걷잡을 수 없는 사건이 기다리고 있었으니…"
20190708~20190714,진범,6,20185986,2019-07-10,106756,,스릴러,,
20190708~20190714,극장판 엉덩이 탐정: 화려한 사건 수첩,7,20191601,2019-07-11,101245,https://ssl.pstatic.net/imgmovie/mdi/mit110/1837/183783_P16_105340.jpg,애니메이션,,"평화로운 오후의 찻집, 엉덩이 탐정과 조수 브라운이 티타임을 즐기고 있을 때, 
 큰 쇼핑백을 든 뿌우람 씨가 들어온다. 
 마을에 새롭게 오픈하는 카레 가게의 사장인 뿌우람 씨는 
 카레 요리에 빠지면 안 되는 중요한 향신료 ‘알알살라’가 사라진 것을 알게 된다!
 “그게 없으면 카레를 만들 수 없어. 가게를 열 수 없어!” 
 충격으로 쓰러진 뿌우람 씨를 보고 엉덩이 탐정이 일어난다. 
 “저에게 맡겨 주십시오!”
 과연 엉덩이 탐정은 ‘화려한’ 추리로 사라진 향신료의 수수께끼에 다가설 수 있을까?
 
 <뿡뿡! 보라 부인의 암호 사건>도 함께 만나요!"
20190708~20190714,애나벨 집으로,8,20199951,2019-06-26,459037,https://ssl.pstatic.net/imgmovie/mdi/mit110/1838/183850_P16_113434.jpg,"공포(호러),미스터리,스릴러",“애나벨이 그 집의 모든 악령을 깨웠다”,"퇴마사 워렌 부부는 저주 받은 인형 애나벨을 발견하고
 집에 있는 오컬트 뮤지엄 진열장에 격리시킨다.
 또 다른 초자연적인 현상을 연구하기 위해 워렌 부부가 떠난 사이,
 집에 남아있던 10살 딸 주디와 베이비시터는
 ‘절대 들어가지 말라’는 경고를 어기고 마는데…
 탈출한 애나벨은 모든 악령들을 깨우고,
 잊을 수 없는 공포의 밤을 준비한다."
20190708~20190714,존 윅 3: 파라벨룸,9,20196655,2019-06-26,913444,https://ssl.pstatic.net/imgmovie/mdi/mit110/1816/181698_P38_102749.jpg,"액션,범죄,스릴러",,"전설이 된 킬러 ‘존 윅’ (키아누 리브스).
 룰을 어긴 죄로 그에게 현상금 1,400만 불이 붙고,
 전 세계 모든 킬러의 총구가 그를 향한다.
 
 국제암살자연맹의 파문 조치가 내려진 그는
 아무런 보호도 받지 못한 채 시시각각 위험에 직면하고
 결국, 마지막 전쟁을 위해 ‘소피아’(할리 베리)를 찾아가는데…
 
 출구는 없다! 평화를 원한다면, 전쟁을 준비하라!"
20190708~20190714,미드소마,10,20192151,2019-07-11,45707,https://ssl.pstatic.net/imgmovie/mdi/mit110/1820/182014_P36_101012.jpg,공포(호러),"당신의 감각을 마비시킬 공포!
축제가 끝나기 전까진 빠져나올 수 없다","90년에 한 번, 9일 동안 열리는 미드소마에 초대된 6명의 친구들
 선택된 자만이 즐길 수 있는 충격과 공포의 축제가 다시 시작된다"
20190701~20190707,스파이더맨: 파 프롬 홈,1,20196309,2019-07-02,4522056,https://ssl.pstatic.net/imgmovie/mdi/mit110/1731/173123_P06_135928.jpg,"액션,어드벤처,코미디,SF",모든 것이 다시 시작된다!,"‘엔드게임’ 이후 변화된 세상,
 스파이더맨 ‘피터 파커’는 학교 친구들과 유럽 여행을 떠나게 된다.
 그런 그의 앞에 ‘닉 퓨리’가 등장해 도움을 요청하고
 정체불명의 조력자 ‘미스테리오’까지 합류하게 되면서
 전 세계를 위협하는 새로운 빌런 ‘엘리멘탈 크리쳐스’와 
 맞서야만 하는 상황에 놓이게 되는데…"
20190701~20190707,알라딘,2,20183867,2019-05-23,9222666,https://ssl.pstatic.net/imgmovie/mdi/mit110/1637/163788_P18_105943.jpg,"어드벤처,가족,판타지",,"머나먼 사막 속 신비의 아그라바 왕국의 시대.
 좀도둑 ‘알라딘’은 마법사 ‘자파’의 의뢰로 마법 램프를 찾아 나섰다가
 주인에게 세 가지 소원을 들어주는 지니를 만나게 되고,
 자스민 공주의 마음을 얻으려다 생각도 못했던 모험에 휘말리게 되는데…"
20190701~20190707,토이 스토리 4,3,20184047,2019-06-20,2783964,https://ssl.pstatic.net/imgmovie/mdi/mit110/1019/101966_P09_114632.jpg,"애니메이션,어드벤처,코미디",우리의 여행은 아직 끝나지 않았다!,"장난감의 운명을 거부하고 떠난 새 친구 ‘포키’를 찾기 위해 길 위에 나선 ‘우디’는 우연히 오랜 친구 ‘보핍’을 만나고 그녀를 통해 새로운 세상에 눈을 뜨게 된다. 한편, ‘버즈’와 친구들은 사라진 ‘우디’와 ‘포키’를 찾아 세상 밖 위험천만한 모험을 떠나게 되는데…"
20190701~20190707,기생충,4,20183782,2019-05-30,9775783,https://ssl.pstatic.net/imgmovie/mdi/mit110/1619/161967_P80_151640.jpg,드라마,“폐 끼치고 싶진 않았어요”,"전원백수로 살 길 막막하지만 사이는 좋은 기택(송강호) 가족. 장남 기우(최우식)에게 명문대생 친구가 연결시켜 준 고액 과외 자리는 모처럼 싹튼 고정수입의 희망이다. 온 가족의 도움과 기대 속에 박사장(이선균) 집으로 향하는 기우. 글로벌 IT기업 CEO인 박사장의 저택에 도착하자 젊고 아름다운 사모님 연교(조여정)가 기우를 맞이한다.  그러나 이렇게 시작된 두 가족의 만남 뒤로, 걷잡을 수 없는 사건이 기다리고 있었으니…"
20190701~20190707,존 윅 3: 파라벨룸,5,20196655,2019-06-26,853985,https://ssl.pstatic.net/imgmovie/mdi/mit110/1816/181698_P38_102749.jpg,"액션,범죄,스릴러",,"전설이 된 킬러 ‘존 윅’ (키아누 리브스).
 룰을 어긴 죄로 그에게 현상금 1,400만 불이 붙고,
 전 세계 모든 킬러의 총구가 그를 향한다.
 
 국제암살자연맹의 파문 조치가 내려진 그는
 아무런 보호도 받지 못한 채 시시각각 위험에 직면하고
 결국, 마지막 전쟁을 위해 ‘소피아’(할리 베리)를 찾아가는데…
 
 출구는 없다! 평화를 원한다면, 전쟁을 준비하라!"
20190701~20190707,애나벨 집으로,6,20199951,2019-06-26,398494,https://ssl.pstatic.net/imgmovie/mdi/mit110/1838/183850_P16_113434.jpg,"공포(호러),미스터리,스릴러",“애나벨이 그 집의 모든 악령을 깨웠다”,"퇴마사 워렌 부부는 저주 받은 인형 애나벨을 발견하고
 집에 있는 오컬트 뮤지엄 진열장에 격리시킨다.
 또 다른 초자연적인 현상을 연구하기 위해 워렌 부부가 떠난 사이,
 집에 남아있던 10살 딸 주디와 베이비시터는
 ‘절대 들어가지 말라’는 경고를 어기고 마는데…
 탈출한 애나벨은 모든 악령들을 깨우고,
 잊을 수 없는 공포의 밤을 준비한다."
20190701~20190707,롱 리브 더 킹: 목포 영웅,7,20198453,2019-06-19,1076594,https://ssl.pstatic.net/imgmovie/mdi/mit110/1791/179125_P44_162751.jpg,"액션,드라마",,"거대 조직의 보스로 거침 없이 살고 있는 ‘장세출’은 철거 용역으로 나간 재건설 반대 시위 현장에서 만난 강단 있는 변호사 ‘강소현’의 일침으로  그녀가 원하는 ‘좋은 사람’이 되기로 마음 먹는다.  모든 것을 내려놓고 새사람이 되기 위해 노력하던 ‘장세출’은 우연히 버스 추락 사고에서 온 몸으로 시민을 구하며 일약 목포 영웅으로 떠오르게 되고, 예기치 못한 사건으로 국회의원에 출마하게 된다.  발로 뛰며 점점 시민의 마음을 움직인 ‘장세출’의 입지가 높아지자, 목포에서 3선을 노리던 반대파 후보 ‘최만수’는 ‘장세출’을 눈엣가시로 여기고 그를 저지하기 위해 ‘장세출’의 라이벌 조직 보스 ‘조광춘’과 손을 잡고 음모를 계획하는데…"
20190701~20190707,천로역정: 천국을 찾아서,8,20190273,2019-06-13,228366,https://ssl.pstatic.net/imgmovie/mdi/mit110/1838/183836_P33_161902.jpg,"애니메이션,어드벤처",,"희망도, 기쁨도 없는 멸망도시에서 살아가던 ‘크리스천’은
 어느 날, 한 권의 책을 통해 천국도시가 존재하며,
 곧 멸망도시가 불바다로 변할 것이라는 사실을 알게 된다.
 
 바깥세상은 죽음뿐이라는 모두의 만류를 뒤로하고
 ‘크리스천’은 천국도시를 찾아서 모험의 길로 접어 드는데…"
20190701~20190707,비스트,9,20182585,2019-06-26,199009,https://ssl.pstatic.net/imgmovie/mdi/mit110/1798/179875_P37_142918.jpg,"범죄,스릴러","""누군가 범죄를 은폐해주는 대가로 뭘 받았다면 그게 뭘까? 그게 살인이라면 아주 큰 걸 받았겠지""","대한민국을 뒤흔든 희대의 살인사건이 발생하고,  수단과 방법을 가리지 않고 범인을 잡아온 강력반 에이스 ‘한수’(이성민)는 후배 형사 '종찬'(최다니엘)과 범인을 잡기 위해 수사를 시작한다.  한편, 마약 브로커 '춘배'(전혜진)는 살인을 은폐해주는 대가로  '한수'에게 살인마에 대한 결정적인 단서를 제공하고 '한수'의 라이벌 형사 '민태'(유재명)가 이 사실을 눈치채면서 사건은 걷잡을 수 없는 방향으로 흘러가는데...!  살인마를 잡기 위해 살인을 감추다 누가 진짜 괴물인가? WHO IS THE BEAST?"